iter	Accuracy	MultiClass
0	0.5816619544	1.569339245
1	0.6085439124	1.533400639
2	0.6253092419	1.501706454
3	0.6383415798	1.470799679
4	0.645741297	1.442957308
5	0.643930023	1.415721466
6	0.6541791836	1.389497312
7	0.6604081993	1.364478206
8	0.66467132	1.341827991
9	0.671408376	1.31918271
10	0.6727116098	1.298876186
11	0.6743240855	1.279094106
12	0.6770851741	1.259821882
13	0.6768201096	1.242343695
14	0.6767538434	1.225491023
15	0.6795811981	1.208784502
16	0.681480827	1.193043804
17	0.6867600283	1.177698867
18	0.6876214879	1.16231311
19	0.6882620604	1.149094267
20	0.6883504153	1.13558677
21	0.6896757378	1.122568412
22	0.6896315603	1.110673374
23	0.6897420039	1.09875334
24	0.6907801732	1.087395699
25	0.6911115038	1.076519636
26	0.692613536	1.065415163
27	0.6931657537	1.054671524
28	0.695264181	1.04461045
29	0.6969871002	1.035000068
30	0.6977822937	1.024952736
31	0.6982461566	1.015820513
32	0.7017582612	1.007591299
33	0.7011839548	0.9994877152
34	0.7010735112	0.9919679946
35	0.7018687047	0.9841767764
36	0.7049390352	0.9760771562
37	0.7065294222	0.9681991633
38	0.7073687931	0.9607222016
39	0.7058446722	0.9539473434
40	0.7084953172	0.9464285857
41	0.7099089945	0.9395845559
42	0.7100194381	0.9331762963
43	0.7124271073	0.9264853912
44	0.7129351476	0.9204209189
45	0.7148347765	0.9145258044
46	0.7168669376	0.9083998584
47	0.7187665665	0.9027711382
48	0.7204232197	0.8973881898
49	0.7209975261	0.8915786302
50	0.7222786711	0.8859468272
51	0.7223891147	0.881124204
52	0.7225437356	0.8760480401
53	0.7236039936	0.8709884705
54	0.7234051953	0.8659747933
55	0.7240678565	0.8612436448
56	0.7252606468	0.856022509
57	0.7272928079	0.8515437877
58	0.7288611062	0.847109239
59	0.7300318077	0.8424915317
60	0.7306061142	0.8377517861
61	0.7312025093	0.8336278283
62	0.7314013077	0.8296875216
63	0.7315117512	0.8261260619
64	0.7310257996	0.8225780819
65	0.7334334688	0.8188443135
66	0.7341182188	0.8150899204
67	0.7350459445	0.811162255
68	0.7352226542	0.8080250268
69	0.7366805089	0.8045146518
70	0.7364154444	0.8011699307
71	0.7372989928	0.797580037
72	0.7379395653	0.7945356466
73	0.7384255169	0.7911094034
74	0.7389335572	0.7882979736
75	0.7394636862	0.7853862894
76	0.7401484361	0.7825536959
77	0.7405681216	0.7798382257
78	0.7405460329	0.7769919558
79	0.7422247747	0.7737242696
80	0.7426444602	0.770988493
81	0.7431745892	0.7680825522
82	0.7434838311	0.7653866867
83	0.7442127584	0.762734794
84	0.7446766213	0.7603137464
85	0.7456043471	0.7574654334
86	0.7459356777	0.7554148203
87	0.746973847	0.7527775577
88	0.7472168228	0.7503976644
89	0.7477911292	0.7477008886
90	0.7487630323	0.7454106632
91	0.7487630323	0.7431289207
92	0.7494477823	0.740954246
93	0.7500441774	0.738861965
94	0.7505522177	0.7370145102
95	0.751590387	0.7347207892
96	0.7517229192	0.7323996882
97	0.7517891854	0.7304930443
98	0.7520763386	0.7283235466
99	0.7522972257	0.7264744026
100	0.7524739353	0.7244413774
101	0.7523855805	0.722856721
102	0.7530040643	0.7209520186
103	0.7537329917	0.7189460659
104	0.7539980562	0.717090572
105	0.7544177417	0.7154312327
106	0.7544619191	0.7135774625
107	0.7548153384	0.7118368993
108	0.7554779996	0.7102513824
109	0.7562290157	0.7084791055
110	0.7562511044	0.7068576494
111	0.7569800318	0.7050400552
112	0.7574438947	0.703154835
113	0.7584599753	0.7012699363
114	0.7589017494	0.6995835017
115	0.75923308	0.6978148048
116	0.7592772575	0.696023478
117	0.7600061848	0.6946254561
118	0.7603154268	0.6933107219
119	0.7610001767	0.6919671575
120	0.7617732815	0.6902297902
121	0.7619941686	0.6886197359
122	0.7620825234	0.6871397947
123	0.7623034105	0.6857232716
124	0.7626568298	0.6846648964
125	0.7630102492	0.683379083
126	0.7634520233	0.6822343247
127	0.7636949991	0.6811097954
128	0.7644018378	0.6797828111
129	0.7656167167	0.6779728484
130	0.7657934264	0.6768414868
131	0.7658155151	0.6753803413
132	0.7666990634	0.6739534199
133	0.7676709666	0.6724016718
134	0.7681348295	0.6711048813
135	0.7682010956	0.6697222299
136	0.7677372327	0.6684356617
137	0.7692613536	0.6670865354
138	0.7686870472	0.6656389284
139	0.7699240148	0.6642689526
140	0.7707854745	0.6632765424
141	0.771271426	0.6622114189
142	0.7716248454	0.6611420643
143	0.7720666195	0.6596787457
144	0.7727955469	0.6584349885
145	0.7727955469	0.6572755322
146	0.7734361195	0.6561050778
147	0.773922071	0.6547690017
148	0.7740325146	0.6535448756
149	0.7747835307	0.6523797048
150	0.775512458	0.6511982549
151	0.7755566354	0.6500634746
152	0.7759321435	0.6488740856
153	0.7761751193	0.6479452678
154	0.776572716	0.646828631
155	0.7769924015	0.6455372103
156	0.7773679095	0.6442401334
157	0.7777434176	0.6432357325
158	0.7781189256	0.6424069956
159	0.7783398127	0.6415964868
160	0.7786711433	0.6405683882
161	0.7787153207	0.6397537116
162	0.7790687401	0.6384025222
163	0.7790245626	0.6374900318
164	0.779377982	0.6362738572
165	0.7798418448	0.6353847554
166	0.7799743771	0.6347703966
167	0.7801510868	0.6340723881
168	0.7806370383	0.6329018231
169	0.7805265948	0.6322705542
170	0.7807695706	0.6316905808
171	0.7807474819	0.6305605023
172	0.7814764093	0.6297036988
173	0.7816972963	0.6287510151
174	0.7818519173	0.6278699634
175	0.7819623608	0.6272730217
176	0.7822936915	0.6265835514
177	0.7823599576	0.6255392722
178	0.782404135	0.624655538
179	0.7827354656	0.6236882318
180	0.782934264	0.6230104399
181	0.7831109737	0.6222395141
182	0.7831551511	0.6214797133
183	0.7832435059	0.6208657891
184	0.7836852801	0.620103177
185	0.783619014	0.6196319293
186	0.7839282559	0.6187582669
187	0.784149143	0.6178483789
188	0.7847013607	0.6169905066
189	0.7847013607	0.6162532066
190	0.7849443365	0.6153436749
191	0.7850768687	0.6147040205
192	0.7849885139	0.6138545917
193	0.785430288	0.6129809559
194	0.7861813041	0.6122272005
195	0.786269659	0.6116292006
196	0.7864463686	0.6108281933
197	0.7864242799	0.6104294745
198	0.7866672557	0.6096273886
199	0.7868439654	0.6090286736
200	0.7867776992	0.6083021675
201	0.7868881428	0.6076228055
202	0.7869544089	0.6067395787
203	0.787175296	0.6062610109
204	0.7873078282	0.6056050475
205	0.7875728927	0.6049052616
206	0.7880367556	0.6040840064
207	0.7881030217	0.6035236694
208	0.7885227072	0.6025791549
209	0.7889203039	0.6016923049
210	0.7890086588	0.600898418
211	0.7890528362	0.6003190877
212	0.7892516346	0.5996617243
213	0.7890749249	0.5989474433
214	0.7894062555	0.5984213964
215	0.78967132	0.5975586545
216	0.7898701184	0.5967326212
217	0.7904444248	0.5959590066
218	0.7907978441	0.5950549098
219	0.7907978441	0.5943396953
220	0.7910849973	0.5936580963
221	0.7910629086	0.5929787449
222	0.7911512635	0.592408326
223	0.7913058844	0.5917478171
224	0.7913279731	0.5911247597
225	0.7917697473	0.590663689
226	0.7917034812	0.5901077595
227	0.7919022796	0.5894005733
228	0.792321965	0.5888538147
229	0.7926091182	0.5882407705
230	0.7926753843	0.5876778652
231	0.7931392472	0.5871217897
232	0.7929846263	0.5864409235
233	0.7933380456	0.5857073443
234	0.7937798198	0.5851153023
235	0.7938460859	0.5843600082
236	0.7941995052	0.584036663
237	0.7943099488	0.5834593529
238	0.7944203923	0.5828688185
239	0.7946854568	0.5821794309
240	0.7949284326	0.5815014681
241	0.7951051423	0.5812133164
242	0.795127231	0.5808013613
243	0.795348118	0.5803189163
244	0.7956131825	0.5797306741
245	0.7956352712	0.5790730993
246	0.7960549567	0.5783952195
247	0.7961212228	0.5780665547
248	0.796032868	0.5775710487
249	0.796562997	0.5769376548
250	0.7969164163	0.5764185769
251	0.7972035695	0.5759164076
252	0.797468634	0.5754201477
253	0.7976895211	0.5748654345
254	0.7980650292	0.5738524055
255	0.7980871179	0.5732949225
256	0.7982638275	0.5726864162
257	0.798683513	0.572100292
258	0.798683513	0.5717153967
259	0.7988823114	0.5712774274
260	0.7992578194	0.570885295
261	0.7994124404	0.5704654635
262	0.7994566178	0.5698251207
263	0.7994566178	0.5692780657
264	0.7994787065	0.5688093043
265	0.7997216823	0.568124937
266	0.7998763032	0.5675882231
267	0.8002297226	0.5671039868
268	0.8004285209	0.5664084944
269	0.8006273193	0.5659244149
270	0.8008923838	0.5653581356
271	0.8009365612	0.5647812397
272	0.8010249161	0.5643112935
273	0.8013120693	0.5637497714
274	0.8010690935	0.5634058307
275	0.8015992225	0.5627174589
276	0.801864287	0.5622785546
277	0.8021956176	0.5617389155
278	0.8020409966	0.5613964516
279	0.8023502386	0.5608811645
280	0.8023723273	0.5603645595
281	0.8025490369	0.5598769764
282	0.802769924	0.5595778849
283	0.8026594805	0.5591010182
284	0.8028582788	0.5587636989
285	0.8031675208	0.5581917439
286	0.8032779643	0.557705714
287	0.8034988514	0.5571988004
288	0.8031896095	0.5566829272
289	0.8033442304	0.5562496755
290	0.8035651175	0.5557638002
291	0.8036313836	0.5553271575
292	0.8038080933	0.5547710473
293	0.8038743594	0.554339174
294	0.8039406256	0.553730346
295	0.8042498675	0.5534892443
296	0.8046253755	0.5527535537
297	0.8047137303	0.5522658339
298	0.8049346174	0.5519195589
299	0.8052217706	0.5513667749
300	0.8050671497	0.5510604704
301	0.80557519	0.5504968586
302	0.8056414561	0.5498854785
303	0.8060169641	0.5494748933
304	0.806105319	0.5492064
305	0.806105319	0.548929166
306	0.8062157625	0.548526586
307	0.8064145609	0.5482047425
308	0.806635448	0.5477787564
309	0.8066796254	0.5474169369
310	0.8069005125	0.5470082908
311	0.806856335	0.5466731751
312	0.807165577	0.5461732221
313	0.8071876657	0.5456876267
314	0.8072539318	0.5452882508
315	0.8076294398	0.5449244987
316	0.8076736172	0.5446206473
317	0.8079607705	0.5440631933
318	0.8079607705	0.5436651813
319	0.8079828592	0.5432655776
320	0.8082037462	0.5428397574
321	0.8083141898	0.5424319605
322	0.8085792543	0.5420258135
323	0.8086455204	0.5416750867
324	0.8087338752	0.5412998385
325	0.8089105849	0.5410419845
326	0.8091093833	0.5405137676
327	0.8092198268	0.540155049
328	0.8094407139	0.5396925935
329	0.8093523591	0.5392645852
330	0.80950698	0.5389287725
331	0.8095953349	0.538646741
332	0.8097720445	0.538398716
333	0.8100150203	0.5380400591
334	0.8101696413	0.5377529811
335	0.8103684397	0.537132742
336	0.8106555929	0.5367970787
337	0.810721859	0.5364681027
338	0.8108102138	0.5359764842
339	0.8107660364	0.5356982106
340	0.8108985687	0.5353045616
341	0.8111636332	0.5350228533
342	0.8112298993	0.5345815615
343	0.8114949638	0.5341115238
344	0.8115833186	0.533743668
345	0.8117600283	0.5332619269
346	0.8120250928	0.5328832605
347	0.8122018024	0.5325873272
348	0.8122018024	0.5323384975
349	0.8121355363	0.532035281
350	0.8122680686	0.5316803861
351	0.812312246	0.5312250329
352	0.8124447782	0.5307482687
353	0.8124668669	0.5303463192
354	0.8125993992	0.5298610682
355	0.8130632621	0.5293921228
356	0.8133945927	0.5289209767
357	0.8135713024	0.5285239991
358	0.8137701007	0.5282556513
359	0.8137701007	0.5278709055
360	0.8138142781	0.527505467
361	0.8141456088	0.527011338
362	0.8143223184	0.5267140862
363	0.814278141	0.526487311
364	0.8144106733	0.5260991164
365	0.8143664958	0.5257829624
366	0.8145652942	0.5254953563
367	0.8146536491	0.5252943358
368	0.8147640926	0.5246552292
369	0.8148966248	0.5243826827
370	0.8151616893	0.5240469312
371	0.8154267538	0.5236610101
372	0.8154267538	0.5232519382
373	0.8154267538	0.5230292134
374	0.8154267538	0.5227208287
375	0.8154488426	0.5222561009
376	0.8157580845	0.5218518001
377	0.8157580845	0.5215688779
378	0.816023149	0.5213441804
379	0.8160894151	0.5210545774
380	0.8161998586	0.5207430884
381	0.8161556812	0.5204647802
382	0.8164428344	0.5200209852
383	0.8165311893	0.5196149685
384	0.8167520763	0.5192276607
385	0.8168625199	0.5188203298
386	0.8172601166	0.5185596967
387	0.8173484715	0.5182571162
388	0.8173484715	0.5180737574
389	0.8175693585	0.5177181188
390	0.8175030924	0.5174194251
391	0.8176577134	0.5171792333
392	0.8177239795	0.5169539253
393	0.8180111327	0.5165280076
394	0.8181215763	0.5161258721
395	0.8180773988	0.5158469548
396	0.8184970843	0.51544308
397	0.818519173	0.5150686029
398	0.818519173	0.5148055755
399	0.8187842375	0.5143929457
400	0.819203923	0.5140729878
401	0.8190934794	0.5138289497
402	0.8190272133	0.5136114875
403	0.8192701891	0.51325688
404	0.8195131649	0.5129932603
405	0.819734052	0.5128297555
406	0.8198224068	0.5126119031
407	0.8199770277	0.5122883657
408	0.8201758261	0.5120539705
409	0.8202420922	0.5117622443
410	0.8203304471	0.5114084285
411	0.8203083584	0.5111640117
412	0.8205292454	0.5107638184
413	0.8207280438	0.5104752554
414	0.8209047535	0.5101763925
415	0.8211035519	0.5097767996
416	0.8213465277	0.5095519576
417	0.8215232373	0.5091044136
418	0.8215232373	0.5087438448
419	0.8218324792	0.5083841487
420	0.8219208341	0.5081699036
421	0.8220533663	0.5079676277
422	0.8218987454	0.5077993871
423	0.8218766567	0.50749283
424	0.822075455	0.5072245035
425	0.8220975437	0.5070430304
426	0.8222521647	0.5067518858
427	0.8223405195	0.5064030393
428	0.8222963421	0.5061896912
429	0.8224509631	0.5059129003
430	0.8224288744	0.5057808436
431	0.822605584	0.5056562908
432	0.8226497614	0.5054148662
433	0.8228043824	0.5050901268
434	0.8228264711	0.5048863404
435	0.8230473582	0.5044383136
436	0.8229590034	0.5041449602
437	0.8231798904	0.5039437375
438	0.8232240679	0.5037256988
439	0.8234449549	0.5032358253
440	0.8235333098	0.5030250739
441	0.8236879307	0.5028204956
442	0.8237983743	0.502590412
443	0.8238867291	0.5024372256
444	0.824195971	0.5020276368
445	0.8240634388	0.5017947224
446	0.824195971	0.5015365966
447	0.8243726807	0.5012520965
448	0.8245052129	0.5009398123
449	0.8246156565	0.5006733264
450	0.824880721	0.5003993971
451	0.8249028097	0.500001844
452	0.8249690758	0.4996135992
453	0.8251236968	0.4992135859
454	0.8253224951	0.498824421
455	0.8255654709	0.4984288055
456	0.8256096483	0.4981219553
457	0.8256317371	0.4978366252
458	0.8256538258	0.4976667524
459	0.8258084467	0.4973317951
460	0.8259851564	0.4970468646
461	0.8260514225	0.4968005367
462	0.8262502209	0.496491734
463	0.8263606644	0.496245377
464	0.8263827531	0.4960823988
465	0.826846616	0.4958470495
466	0.8267361725	0.4956808371
467	0.826846616	0.4953071134
468	0.8269128821	0.4948657444
469	0.8269791483	0.4946914721
470	0.8271558579	0.4945589633
471	0.8272442128	0.4942828696
472	0.8274871885	0.4937813075
473	0.8275534547	0.4934572735
474	0.8277743418	0.4932744992
475	0.8278185192	0.4929191043
476	0.8279510514	0.4926210749
477	0.8279952288	0.4923737635
478	0.8281056724	0.4921281581
479	0.828061495	0.4919215861
480	0.8281498498	0.4916420358
481	0.8281719385	0.4913633593
482	0.8282382046	0.4911977238
483	0.8284149143	0.490927173
484	0.828282382	0.4906990692
485	0.828437003	0.4904047097
486	0.8286358014	0.4901475102
487	0.8288345998	0.4898985696
488	0.8289008659	0.4896146896
489	0.8289229546	0.4894586689
490	0.8290775755	0.489234175
491	0.8293205513	0.4889310525
492	0.8294089062	0.4887551208
493	0.8295193497	0.4885470574
494	0.8294309949	0.4882934867
495	0.8296297932	0.4880267259
496	0.8295635271	0.4877632095
497	0.8294751723	0.4875525822
498	0.8295193497	0.487144819
499	0.8296739707	0.4867727816
