barkod,miktar,markalar,alerjenler,eser_miktarlar,icerik_sayisi,nutriscore_notu,nova_grubu,yesil_skor_notu,palmiye_yagi_icermez,vejetaryen,vegan_durumu,yag_seviyesi,doymus_yag_seviyesi,seker_seviyesi,tuz_seviyesi,enerji_kj,enerji_kcal,yag_g,doymus_yag_g,karbonhidrat_g,seker_g,lif_g,protein_g,tuz_g,sodyum_g,alkol_yuzde,meyve_sebze_baklagil_yuzde,nutriscore_puan,ns_negatif_puan,ns_pozitif_puan,ns_enerji_puan,ns_seker_puan,ns_doymus_yag_puan,ns_tuz_puan,ns_protein_puan,ns_lif_puan,ns_meyve_sebze_baklagil_puan,urun_bilgisi,birim,kategori_listesi,etiketler_listesi
6111266962187,450.0,Jaouda,['Milk'],[],2,B,3.0,D,,,no,low,low,low,low,188.0,45.0,1.5,1.0,4.9,0.0,,3.1,0.225,0.09,,,-3,4,7,3.0,0,0.0,1,7.0,0,0,Lait,ml,"['Dairies', 'Meals', 'Milks (liquid and powder)', 'Milks', 'Semi-skimmed milks']",[]
6111242101180,1.0,Jaouda,['Milk'],['Nuts'],1,B,1.0,D,True,True,no,moderate,low,low,low,242.0,58.0,3.0,0.0,4.8,0.0,,3.0,0.0,0.0,0.0,,-1,5,6,5.0,0,0.0,0,6.0,0,0,uht jaouda 1L,l,"['Dairies', 'Milks (liquid and powder)', 'Milks', 'Homogenized milks', 'Pasteurised products', 'UHT Milks', 'Whole milks', 'Cow milks', 'Whole milk UHT']",['No gluten']
6111032009665,470.0,Salim,['Milk'],[],1,B,1.0,D,True,True,no,low,low,low,low,188.0,45.0,1.5,1.0,4.8,0.0,,3.0,0.0,0.0,,,-3,3,6,3.0,0,0.0,0,6.0,0,0,Salim,ml,"['Dairies', 'Milks (liquid and powder)', 'Milks', 'Semi-skimmed milks', 'Fresh milks']",['No gluten']
6111242100206,110.0,Jaouda,['Milk'],['Milk'],4,B,3.0,B,True,True,no,moderate,moderate,low,low,330.0,78.0,3.3,2.4,8.0,0.0,0.0,4.2,0.0,0.0,,0.0,1,2,1,0.0,0,2.0,0,1.0,0,0,Yaourt nature,g,"['Dairies', 'Fermented foods', 'Fermented milk products', 'Desserts', 'Dairy desserts', 'Fermented dairy desserts', 'Yogurts', 'Plain fermented dairy desserts', 'Plain yogurts']",[]
6111252421582,1.5,pepsi,[],[],1,B,1.0,,True,True,yes,low,low,low,low,0.0,0.0,0.0,0.0,0.0,0.0,,0.0,0.0,0.0,,,0,0,0,0.0,0,0.0,0,0.0,0,0,اكوافينا,l,"['Beverages and beverages preparations', 'Beverages', 'Waters', 'Table waters']",[]
3168930010265,450.0,Quaker,"['Gluten', 'Nuts', 'fr:avoine']","['Milk', 'Sesame seeds', 'Soybeans']",16,B,4.0,B,True,,no,moderate,moderate,moderate,low,1913.0,462.0,19.0,2.0,57.0,12.0,10.0,8.5,0.0,0.0,,,1,9,8,5.0,3,1.0,0,3.0,5,0,Cruesli - Mixed Nuts,g,"['Plant-based foods and beverages', 'Plant-based foods', 'Breakfasts', 'Cereals and potatoes', 'Cereals and their products', 'Breakfast cereals', 'Mueslis', 'Cereals with nuts', 'Crunchy cereal clusters', 'Cereal clusters with nuts']","['No artificial flavors', 'No preservatives', 'Green Dot', 'No colorings', 'No palm oil', 'Nutriscore', 'Nutriscore Grade A', 'Triman']"
3760020507350,350.0,Jardin Bio étic,['Peanuts'],"['Nuts', 'Sesame seeds']",1,B,1.0,B,True,True,yes,high,high,moderate,low,2591.0,625.0,50.0,9.7,12.0,0.0,5.5,29.0,0.0,0.0,,,-5,5,10,,1,,0,7.0,3,0,Pure Peanut butter,g,"['Plant-based foods and beverages', 'Plant-based foods', 'Legumes and their products', 'Breakfasts', 'Spreads', 'Nuts and their products', 'Plant-based spreads', 'Sweet spreads', 'Oilseed purees', 'Legume butters', 'fr:Pâtes à tartiner', 'Nut butters', 'Peanut butters']","['Low or no salt', 'Organic', 'Vegetarian', 'Certified by Ecocert', 'EU Organic', 'Non-EU Agriculture', 'Vegan', '1% for the planet', 'European Vegetarian Union', 'European Vegetarian Union Vegan', 'FR-BIO-01', 'Green Dot', 'NL-BIO-01', 'No added salt', 'No added sugar', 'No palm oil', 'Nutriscore', 'Nutriscore Grade B', 'The Vegan Society', 'AB Agriculture Biologique', 'Triman']"
3228857002344,600.0,Harrys,['Gluten'],"['Eggs', 'Milk', 'Nuts', 'Sesame seeds', 'Soybeans']",13,B,4.0,A,True,True,maybe,moderate,low,low,moderate,1178.0,280.0,6.8,0.5,43.0,3.6,8.1,7.7,1.1,0.44,,0.919628906249997,1,9,8,3.0,1,0.0,5,3.0,5,0,Pain de mie american sandwich complet sans sucres ajoutés 600g,g,"['Plant-based foods and beverages', 'Plant-based foods', 'Cereals and potatoes', 'Cereals and their products', 'Breads', 'Sliced breads', 'Wholemeal breads', 'Wholemeal sliced breads']","['Vegetarian', 'Source of fibre', 'High fibres', 'No added sugar', 'Nutriscore', 'Nutriscore Grade A']"
5411188112709,1.0,Alpro,['Nuts'],['de:schalenfrüchte-keine-erdnüsse'],15,B,4.0,B,True,True,yes,low,low,low,moderate,61.0,15.0,1.1,0.1,0.0,0.0,0.3,0.5,0.15,0.06,,0.0,1,1,0,1.0,0,0.0,0,0.0,0,0,Nutty Almond Drink,l,"['Beverages and beverages preparations', 'Plant-based foods and beverages', 'Beverages', 'Plant-based foods', 'Dairy substitutes', 'Milk substitutes', 'Nuts and their products', 'Plant-based beverages', 'Plant-based milk alternatives', 'Nut-based drinks', 'Almond-based drinks']","['Low or no fat', 'Low or no sugar', 'Vegetarian', 'Low fat', 'No gluten', 'No milk', 'No preservatives', 'Vegan', 'Calcium source', 'Certified B Corporation', 'European Vegetarian Union', 'European Vegetarian Union Vegan', 'FSC', 'FSC Mix', 'Low saturated fat', 'No colorings', 'No dyes or preservatives', 'No sugar', 'Nutriscore', 'Nutriscore Grade B', 'Plant based', 'The Vegan Society', 'Without sweeteners', 'Triman']"
3029330022428,550.0,Jacquet,['Gluten'],"['Eggs', 'Milk', 'Sesame seeds']",16,B,4.0,A,False,True,yes,low,low,low,moderate,1020.0,246.0,2.8,0.3,42.0,0.0,6.6,8.8,1.2,0.48,,0.0,2,9,7,3.0,1,0.0,5,3.0,4,0,Pain de mie complet,g,"['Plant-based foods and beverages', 'Plant-based foods', 'Cereals and potatoes', 'Cereals and their products', 'Breads', 'Sliced breads', 'Wholemeal breads', 'Wholemeal sliced breads']","['Low or no sugar', 'Vegetarian', 'Vegan', 'No added sugar', 'No additives', 'No palm oil', 'Nutriscore', 'Nutriscore Grade A', 'fr:Blé français', 'fr:Farine de blé français', 'fr:Origine France', 'Triman', 'Sachet-recyclable']"
6111242100817,500.0,Jaouda,[],[],13,B,,D,False,True,yes,low,low,low,low,189.0,45.0,1.5,1.0,4.9,0.0,,3.1,0.0,0.0,,,-4,3,7,3.0,0,0.0,0,7.0,0,0,Le Lait demi écrémé,ml,"['Dairies', 'Milks (liquid and powder)', 'Milks', 'Homogenized milks', 'Pasteurised products', 'Semi-skimmed milks', 'UHT Milks', 'Cow milks']","['No gluten', 'Organic', 'Catalan Council of Organic Production']"
3175681851849,230.0,Gerblé,"['Gluten', 'Nuts']","['Lupin', 'Milk', 'Nuts', 'Sesame seeds', 'Soybeans']",22,B,4.0,B,True,,maybe,moderate,moderate,moderate,low,1917.2,457.0,17.0,1.5,63.0,11.0,5.9,10.0,0.01,0.004,,5.3,2,9,7,5.0,3,1.0,0,4.0,3,0,Pomme Noisette,g,"['Snacks', 'Sweet snacks', 'Biscuits and cakes', 'Biscuits and crackers', 'Biscuits', 'Dry biscuits']","['Low or no sugar', 'Low sugar', 'Enriched with vitamins', 'Low or no Sodium', 'No preservatives', 'Non-EU Agriculture', 'Reduced sugar', 'Rich in vitamin E', 'Source of fibre', 'Sustainable farming', 'EU Agriculture', 'EU/non-EU Agriculture', 'High fibres', 'Low Sodium', 'Made in France', 'Natural flavors', 'No colorings', 'No dyes or preservatives', 'No palm oil', 'Nutriscore', 'Nutriscore Grade A', 'Rich in vitamin B1', 'Rich in vitamin B9', 'Vitamin B6 source', 'Without sweeteners', 'fr:Farine de blé français', 'Triman']"
5449000061515,1.0,THE COCA-COLA COMPANY,[],[],9,B,1.0,,False,True,yes,low,low,low,low,0.0,0.0,0.0,0.0,0.0,0.0,0.0,0.0,0.05,0.02,,,0,0,0,0.0,0,0.0,0,0.0,0,0,Ciel,l,"['Beverages and beverages preparations', 'Beverages', 'Waters', 'Non-alcoholic beverages']",['Halal']
3251490332080,210.0,Gerblé,['Gluten'],"['Lupin', 'Milk', 'Nuts', 'Sesame seeds', 'Soybeans']",14,B,4.0,C,True,,maybe,moderate,moderate,high,low,1883.0,450.0,19.0,1.7,54.0,16.0,13.0,9.3,0.19,0.076,0.0,,2,10,8,5.0,4,1.0,0,3.0,5,0,"Gerble - Fig Bran Cookie, 210g (7.5oz)",g,"['Snacks', 'Sweet snacks', 'Biscuits and cakes', 'Biscuits and crackers', 'Biscuits', 'fr:Biscuits au son de blé', 'fr:Biscuits au son de blé et la figue']","['No preservatives', 'Source of fibre', 'High fibres', 'Made in France', 'No colorings', 'No palm oil', 'Nutriscore', 'Nutriscore Grade A', 'Triman']"
3480341000674,200.0,Elle & Vire,['Milk'],[],3,B,3.0,C,True,True,no,low,low,low,moderate,351.0,84.0,0.4,0.4,4.4,0.0,0.0,16.0,1.32,0.528,0.0,,1,7,6,1.0,0,0.0,6,6.0,0,0,Carré Frais,g,"['Dairies', 'Fermented foods', 'Fermented milk products', 'Cheeses', 'Cream cheeses', 'Fromages-à-la-crème', 'Produits-fermentés', 'Produits-laitiers-fermentés']","['Low or no fat', 'Pasteurized', 'Source of proteins', 'French milk', 'High proteins', 'Made in France', 'No fat']"
6111266963207,320.0,Jaouda,['Milk'],[],4,B,1.0,E,True,,no,moderate,moderate,low,low,173.0,53.0,2.5,1.8,4.8,0.0,,3.0,0.0,0.0,,0.0,-2,4,6,3.0,0,1.0,0,6.0,0,0,كيفير,g,"['Beverages and beverages preparations', 'Beverages', 'Dairies', 'Fermented foods', 'Fermented milk products', 'Desserts', 'Dairy desserts', 'Dairy drinks', 'Fermented dairy desserts', 'Fermented drinks', 'Fermented milk drinks', 'Yogurts', 'Kefir']",['No gluten']
8410376009392,170.0,Gullón,"['Gluten', 'Soybeans']",['Milk'],15,B,4.0,C,True,True,yes,moderate,moderate,low,moderate,1802.0,431.0,17.0,1.7,65.0,0.5,9.3,6.1,0.65,0.26,,0.0,2,9,7,5.0,0,1.0,3,2.0,5,0,Fibra integral,g,"['Snacks', 'Sweet snacks', 'Biscuits and cakes', 'Biscuits and crackers', 'Biscuits', 'Crackers(Breakfast)']","['Low or no sugar', 'Vegetarian', 'Source of fibre', 'Vegan', 'European Vegetarian Union', 'Green Dot', 'High fibres', 'No sugar', 'Nutriscore', 'Nutriscore Grade B', 'With sweeteners', 'es:Recicla amarillo', 'es:Recicla azul', 'pt:Ecoponto amarelo', 'pt:Ecoponto azul']"
8420756010320,600.0,Reina,['Milk'],[],8,B,,D,False,True,no,low,low,low,low,203.0,48.0,1.5,1.0,4.7,4.7,,3.4,0.13,0.052,0.0,,-1,6,7,3.0,3,0.0,0,7.0,0,0,KÉFIR,g,"['Dairies', 'Milks (liquid and powder)', 'Milks']",[]
3387390123210,375.0,Nestlé,['Gluten'],"['Milk', 'Nuts']",31,B,4.0,C,True,True,yes,moderate,low,high,low,1624.0,384.0,4.4,1.1,73.8,19.9,7.7,8.5,0.2,0.08,,0.0,2,10,8,4.0,5,1.0,0,3.0,5,0,NESTLE CHOCAPIC Céréales 375g,g,"['Plant-based foods and beverages', 'Plant-based foods', 'Breakfasts', 'Cereals and potatoes', 'Cereals and their products', 'Breakfast cereals', 'Chocolate cereals', 'Breakfast cereals fortified with vitamins and chemical elements', 'Extruded cereals', 'Breakfast cereals rich in fibre', 'Chocolate wheat shells', 'Unfilled breakfast chocolate cereals fortified with vitamins and chemical elements']","['Made in France', 'Nutriscore', 'Nutriscore Grade A', 'Rainforest Alliance', 'Triman']"
3229820787015,1.0,Bjorg,['Nuts'],['Nuts'],9,B,4.0,A,True,True,yes,moderate,low,low,low,102.0,25.0,1.7,0.2,1.6,0.5,0.5,0.7,0.05,0.02,,,2,2,0,2.0,0,0.0,0,0.0,0,0,Lait D’Amande,l,"['Beverages and beverages preparations', 'Plant-based foods and beverages', 'Beverages', 'Plant-based foods', 'Dairy substitutes', 'Milk substitutes', 'Nuts and their products', 'Plant-based beverages', 'Plant-based milk alternatives', 'Nut-based drinks', 'Almond-based drinks', 'Unsweetened plain almond-based drinks']","['Low or no sugar', 'Vegetarian', 'Organic', 'Certified by Ecocert', 'EU Organic', 'Vegan', '100% vegetable', 'Calcium source', 'Certified B Corporation', 'FR-BIO-01', 'FSC', 'FSC Mix', 'IT-BIO-007', 'Made in Italy', 'No added sugar', 'No palm oil', 'Nutriscore', 'Nutriscore Grade B', 'Plant based', 'AB Agriculture Biologique', 'fr:Pauvre en acides gras saturés']"
20267605,200.0,Alesto,['Nuts'],"['Nuts', 'Peanuts']",1,B,1.0,E,True,True,yes,high,high,moderate,low,2487.9,600.0,47.6,9.0,19.8,0.0,5.2,20.5,0.02,0.008,,0.0,-4,5,9,,1,,0,7.0,2,0,Cashewkerne,g,"['Plant-based foods and beverages', 'Plant-based foods', 'Nuts and their products', 'Nuts', 'Cashew nuts']","['Low or no salt', 'Vegetarian', 'Source of proteins', 'Vegan', 'European Vegetarian Union', 'European Vegetarian Union Vegan', 'Green Dot', 'Magnesium source', 'No added salt', 'No palm oil', 'Rich in unsaturated fatty acids']"
7613036669146,375.0,Nestlé,['Gluten'],"['Milk', 'Nuts', 'Peanuts']",16,B,4.0,B,True,True,yes,moderate,moderate,high,low,1648.0,390.0,5.6,1.6,71.7,19.9,8.2,9.1,0.2,0.08,,0.0,2,10,8,4.0,5,1.0,0,3.0,5,0,"Nestlé - Chocapic Cereal Organic, 375g (13.3oz)",g,"['Plant-based foods and beverages', 'Plant-based foods', 'Breakfasts', 'Cereals and potatoes', 'Cereals and their products', 'Breakfast cereals', 'Chocolate cereals', 'Breakfast cereals fortified with vitamins and chemical elements', 'Extruded cereals', 'Breakfast cereals rich in fibre', 'Chocolate wheat shells']","['Vegetarian', 'Organic', 'EU Organic', 'Non-EU Agriculture', 'EU Agriculture', 'EU/non-EU Agriculture', 'FR-BIO-01', 'Green Dot', 'Made in France', 'No palm oil', 'Nutriscore', 'Nutriscore Grade A', 'Nutriscore Grade B', 'Rainforest Alliance', 'AB Agriculture Biologique', 'Triman']"
3228857000166,500.0,Harrys,['Gluten'],"['Eggs', 'Milk', 'Nuts', 'Sesame seeds', 'Soybeans']",12,B,4.0,A,True,,maybe,moderate,low,moderate,moderate,1053.0,250.0,4.3,0.4,42.0,0.0,6.5,7.5,1.1,0.44,,0.0402777777777743,2,9,7,3.0,1,0.0,5,3.0,4,0,100% mie Complet-Volkoren,g,"['Plant-based foods and beverages', 'Plant-based foods', 'Cereals and potatoes', 'Cereals and their products', 'Breads', 'Sliced breads', 'Sliced breads without crust', 'Wholemeal breads', 'Wholemeal sliced breads']","['Source of fibre', 'Made in France', 'No palm oil', 'Nutriscore', 'Nutriscore Grade A', 'fr:Blé français', 'Triman']"
3033710073467,100.0,Nestlé,[],[],5,B,4.0,,True,True,yes,low,low,high,moderate,211.0,50.0,1.6,1.0,5.0,4.9,0.9,3.4,0.1,0.04,,,0,7,7,4.0,3,0.0,0,7.0,0,0,RICORE Original,g,"['Beverages and beverages preparations', 'Plant-based foods and beverages', 'Beverages', 'Plant-based beverages', 'Beverage preparations', 'Instant beverages', 'Instant mix of chicory and coffee powder', 'fr:Aliments']","['Source of fibre', 'Sustainable farming', 'Green Dot', 'High fibres', 'Made in France', 'Magnesium source', 'Nutriscore', 'Nutriscore Grade A', 'UTZ Certified', 'fr:Origine France', 'Triman', 'fr:Savoir faire français']"
6111246722039,1.0,milky foof,['Milk'],[],7,B,3.0,B,True,,no,high,low,low,low,953.0,228.0,21.0,0.0,4.0,0.0,0.0,4.8,0.0,0.0,0.0,,1,2,1,2.0,0,0.0,0,1.0,0,0,fromage herbes milky food,kg,"['Dairies', 'Fermented foods', 'Fermented milk products', 'Cheeses', 'Desserts', 'Dairy desserts', 'Fermented dairy desserts', 'Fromages blancs - petit suisses and skyr', 'fr:Fromages blancs']",[]
6111242101050,450.0,Jaouda,['Milk'],[],3,B,,D,False,True,no,low,moderate,low,low,188.0,45.0,1.3,0.9,4.8,0.0,0.0,3.2,0.0,0.0,0.0,,-4,3,7,3.0,0,0.0,0,7.0,0,0,LBEN CARTON PASTEURISER,g,"['Beverages and beverages preparations', 'Beverages', 'Dairies', 'Fermented foods', 'Fermented milk products', 'Milks (liquid and powder)', 'Dairy drinks', 'Fermented drinks', 'Milks', 'Fermented milk drinks', 'Plain fermented skimmed milk drink']",['No gluten']
3175681851863,270.0,Gerblé,"['Gluten', 'Milk', 'Soybeans']","['Eggs', 'Lupin', 'Milk', 'Nuts', 'Sesame seeds']",22,B,4.0,C,True,True,yes,moderate,moderate,high,low,1914.0,457.0,19.0,1.9,56.0,15.0,6.9,12.0,0.02,0.008,,,2,10,8,5.0,4,1.0,0,4.0,4,0,"Gerble - Soya Fig Cookie, 270g (9.6oz)",g,"['Snacks', 'Sweet snacks', 'Biscuits and cakes', 'Biscuits']","['No GMOs', 'Made in France', 'No palm oil', 'Nutriscore', 'Nutriscore Grade B', 'fr:Farine-de-ble-filiere-durable']"
6111252421575,50.0,Aquafina,[],[],1,B,1.0,,True,True,yes,low,low,low,low,4.0,1.0,0.1,0.1,0.1,0.1,0.0,0.1,0.1,0.04,,,0,0,0,0.0,0,0.0,0,0.0,0,0,Aquafina 50cl,cl,"['Beverages', 'Waters', 'Table waters']",[]
4056489007180,750.0,Lidl,['Gluten'],"['Lupin', 'Milk', 'Mustard', 'Soybeans']",12,B,4.0,A,True,,maybe,moderate,low,moderate,moderate,1089.0,258.0,4.5,0.5,43.0,5.0,6.3,8.3,1.0,0.4,,0.0,2,8,6,3.0,1,0.0,4,3.0,3,0,Pepsil,g,"['Plant-based foods and beverages', 'Plant-based foods', 'Cereals and potatoes', 'Cereals and their products', 'Breads', 'Sliced breads', 'Wholemeal breads', 'Wholemeal sliced breads']","['Contains alcohol', 'No palm oil', 'Nutriscore', 'Nutriscore Grade B', 'Triman']"
6153153,,Jardin Bio,[],[],5,B,3.0,A,True,True,yes,low,low,low,moderate,1603.0,378.0,1.6,0.5,79.0,0.6,4.7,9.6,0.5,0.2,,,1,6,5,4.0,0,0.0,2,3.0,2,0,Tartines craquantes quinoa - pois chiche sans gluten,,"['Plant-based foods and beverages', 'Plant-based foods', 'Snacks', 'Cereals and potatoes', 'Cereals and their products', 'Extruded crispbreads']","['No gluten', 'Organic', 'Crossed Grain Trademark', 'EU Organic', '1% for the planet', 'DZG Gluten free', 'FR-BIO-01', 'Made in France', 'No added sugar', 'Nutriscore', 'Nutriscore Grade A', 'AB Agriculture Biologique', 'Triman']"
3175681105423,130.0,Gerblé,['Gluten'],"['Eggs', 'Lupin', 'Milk', 'Nuts', 'Peanuts', 'Sesame seeds']",21,B,4.0,C,True,,maybe,moderate,moderate,low,low,1728.0,414.0,18.0,3.3,61.0,0.0,8.9,8.0,0.21,0.084,26.0,0.0,1,9,8,5.0,0,3.0,1,3.0,5,0,Cookie cacao pépites Sans Sucre,g,"['Snacks', 'Sweet snacks', 'Biscuits and cakes', 'Biscuits and crackers', 'Biscuits', 'Chocolate biscuits']","['Low or no sugar', 'Source of fibre', 'Sustainable farming', 'Made in France', 'No added sugar', 'No palm oil', 'No sugar', 'Nutriscore', 'Nutriscore Grade A', 'UTZ Certified', 'Triman']"
6111099000247,500.0,زيت الزيتون واد سوس,[],['Nuts'],1,B,,E,False,True,yes,high,high,low,low,4.0,822.0,90.0,13.0,0.0,0.0,66.0,0.0,0.0,0.0,88.0,,-5,5,10,,0,,0,0.0,5,5,Hule D'olive,ml,"['Plant-based foods and beverages', 'Plant-based foods', 'Fats', 'Vegetable fats', 'Olive tree products', 'Vegetable oils', 'Olive oils', 'Virgin olive oils']",[]
6111099000254,1.0,oued souss,[],['ar:nothing'],1,B,2.0,D,True,True,yes,high,high,low,low,3700.0,900.0,92.0,12.0,0.0,0.0,0.0,0.0,0.0,0.0,0.0,,-1,4,5,,0,,0,0.0,0,5,MA HFO .25.16.14,l,"['Plant-based foods and beverages', 'Plant-based foods', 'Fats', 'Vegetable fats', 'Olive tree products', 'Vegetable oils', 'Olive oils', 'Extra-virgin olive oils', 'Virgin olive oils', 'ar:huile-d-olive']",[]
7613035676497,260.0,Nestlé,[],[],5,B,4.0,,True,True,yes,low,low,high,moderate,211.0,50.0,1.6,1.0,5.0,4.9,0.9,3.4,0.1,0.04,,,0,7,7,4.0,3,0.0,0,7.0,0,0,"RICORE Original, Café & Chicorée, Boîte 260g",g,"['Beverages and beverages preparations', 'Plant-based foods and beverages', 'Beverages', 'Plant-based beverages', 'Beverage preparations', 'Instant beverages', 'Instant mix of chicory and coffee powder']","['Made in France', 'Nutriscore', 'Nutriscore Grade A', 'fr:Origine France', 'Triman', 'de:Nova Score Note 4']"
3225350000501,0.7,Orangina Schweppes France,[],[],7,B,1.0,A,True,True,maybe,low,low,low,low,14.0,3.0,0.0,0.0,0.25,0.1,,0.05,0.0,0.0,,,0,0,0,0.0,0,0.0,0,0.0,0,0,Pulco Lemon,l,"['Beverages and beverages preparations', 'Beverages', 'Beverage preparations', 'Syrups', 'Flavoured syrups']","['Low or no sugar', 'Organic', 'EU Organic', 'No preservatives', 'No added sugar', 'No colorings', 'Sans-sucre-ajouté']"
3228857001194,320.0,Harrys,"['Gluten', 'Sesame seeds', 'Soybeans']","['Eggs', 'Milk', 'Nuts']",25,B,4.0,A,True,True,maybe,moderate,low,low,moderate,1206.0,286.0,6.5,0.7,42.0,3.5,6.0,12.0,1.0,0.4,,5.125,1,8,7,3.0,1,0.0,4,4.0,3,0,CÉRÉALES ET GRAINES À LA FARINE DE BLÉ,g,"['Plant-based foods and beverages', 'Plant-based foods', 'Cereals and potatoes', 'Cereals and their products', 'Breads', 'Sliced breads', 'White breads', 'Multigrain sliced breads']","['Vegetarian', 'Made in France', 'No added sugar', 'No additives', 'No palm oil', 'Nutriscore', 'Nutriscore Grade A', 'fr:Blé français', 'Triman']"
6111250470742,1.0,Dost,['Milk'],[],1,B,1.0,D,True,True,no,moderate,low,low,low,243.0,58.0,3.0,0.0,4.8,0.0,0.0,3.0,0.0,0.0,0.0,,-1,5,6,5.0,0,0.0,0,6.0,0,0,Dost Milk,l,"['Dairies', 'Milks', 'Homogenized milks', 'UHT Milks', 'Whole milks', 'Cow milks']",[]
3175681209282,360.0,Gerblé,"['Gluten', 'Milk']",[],19,B,4.0,C,True,,no,moderate,low,moderate,low,1915.0,456.0,17.0,1.4,65.0,8.9,6.5,7.6,0.05,0.02,,2.2,1,8,7,5.0,2,1.0,0,3.0,4,0,Goûter 4S Saveur pommes,g,"['Snacks', 'Sweet snacks', 'Biscuits and cakes', 'Biscuits and crackers', 'Biscuits', 'Fruit biscuits']","['Low or no sugar', 'Low sugar', 'Reduced sugar', 'Made in France', 'No colorings', 'No palm oil', 'Nutriscore', 'Nutriscore Grade A', 'Nutriscore Grade A - New calculation', 'Without sweeteners', 'Triman']"
3760049798029,450.0,La Boulangère Bio,['Gluten'],"['Eggs', 'Milk', 'Mustard', 'Sesame seeds', 'Soybeans']",22,B,4.0,,True,True,yes,moderate,low,moderate,moderate,1318.0,314.0,11.0,0.9,42.0,5.0,5.3,9.1,1.0,0.4,0.0,0.0,2,8,6,3.0,1,0.0,4,3.0,3,0,Tartines Bio quinoa & graines 450g,g,"['Plant-based foods and beverages', 'Plant-based foods', 'Cereals and potatoes', 'Cereals and their products', 'Breads', 'fr:Tartine']","['Fair trade', 'Organic', 'Certified by Ecocert', 'EU Organic', 'Non-EU Agriculture', '1% for the planet', 'EU Agriculture', 'EU/non-EU Agriculture', 'Fair-Trade Organic', 'FR-BIO-01', 'Made in France', 'Nutriscore', 'Nutriscore Grade A', 'AB Agriculture Biologique', 'Agri-Éthique France', 'fr:Farine de blé français', 'fr:Local']"
4056489346357,1.0,Vemondo,"['Gluten', 'Nuts']","['Gluten', 'Nuts', 'Soybeans']",10,B,4.0,A,True,True,yes,low,low,low,low,56.0,14.0,1.2,0.1,0.0,0.0,,0.5,0.13,0.052,,,1,1,0,1.0,0,0.0,0,0.0,0,0,Almond Drink,l,"['Beverages and beverages preparations', 'Plant-based foods and beverages', 'Beverages', 'Plant-based foods', 'Dairy substitutes', 'Milk substitutes', 'Nuts and their products', 'Plant-based beverages', 'Plant-based milk alternatives', 'Nut-based drinks', 'Almond-based drinks', 'Frühstücke', 'Getränke', 'Nüsse-und-nussprodukte', 'Pflanzliche-getränke', 'Pflanzliche-lebensmittel-und-getränke']","['Low or no sugar', 'Vegetarian', 'No gluten', 'Organic', 'EU Organic', 'Non-EU Agriculture', 'Vegan', '100% vegetable', 'EU Agriculture', 'EU/non-EU Agriculture', 'European Vegetarian Union', 'European Vegetarian Union Vegan', 'FSC', 'FSC Mix', 'IT-BIO-009', 'No added sugar', 'No lactose', 'No sugar', 'Nutriscore', 'Nutriscore Grade B', 'Veganok', 'Triman', 'de:nachhaltige-verpackt', 'de:ressourcen-schützen', 'V-label']"
3760049796384,450.0,la Boulangère,['Gluten'],"['Eggs', 'Milk', 'Mustard', 'Sesame seeds', 'Soybeans']",27,B,4.0,A,True,True,yes,moderate,low,low,moderate,1249.0,304.0,10.0,1.0,39.0,2.9,5.8,10.0,1.1,0.44,,0.0,1,8,7,3.0,0,0.0,5,4.0,3,0,Tartines Céréales & Graines,g,"['Plant-based foods and beverages', 'Plant-based foods', 'Snacks', 'Cereals and potatoes', 'Sweet snacks', 'Sweet pastries and pies', 'Breads', 'Viennoiseries', 'Sliced breads', 'Multigrain sliced breads']","['Fair trade', 'Made in France', 'Nutriscore', 'Nutriscore Grade A', 'Agri-Éthique France', 'fr:Électricité verte']"
6111126003821,900.0,Chergui,['Milk'],[],1,B,1.0,D,True,True,no,low,moderate,low,low,239.0,57.0,2.90887151945442,1.61603973303024,4.75115681510889,4.75115681510889,,3.00583390343624,0.0861887857616126,0.034475514304645,,,1,8,7,4.0,3,1.0,0,7.0,0,0,Lait Frais 15 jours,ml,"['Dairies', 'Milks (liquid and powder)', 'Milks', 'Pasteurised products', 'Fresh milks', 'Pasteurised milks', 'Cow milks']","['No preservatives', 'No additives', 'No soy']"
6111032002925,110.0,Danone,[],"['Gluten', 'Nuts', 'fr:يحتوي-على-الجلوتين']",13,B,,A,False,True,yes,moderate,moderate,moderate,moderate,280.0,66.0,3.0,2.0,6.7,6.7,,3.0,0.34125,0.1365,,0.0,2,3,1,0.0,1,1.0,1,1.0,0,0,Yaourt Nature,g,"['Dairies', 'Fermented foods', 'Fermented milk products', 'Desserts', 'Dairy desserts', 'Fermented dairy desserts', 'Yogurts', 'Plain fermented dairy desserts', 'Plain yogurts']","['No preservatives', 'Contains gluten', 'fr:Contient du glute', 'fr:Fruit de coque pistache']"
3760049795479,500.0,La Boulangère,['Gluten'],"['Eggs', 'Milk', 'Nuts', 'Sesame seeds', 'Soybeans', 'Fruits-a-coque', 'Graines-de-sesame', 'Lait', 'Oeufs']",18,B,4.0,A,True,True,yes,low,low,low,moderate,1056.0,250.0,2.9,0.4,42.0,3.8,5.9,11.0,1.0,0.4,,0.0,1,8,7,3.0,1,0.0,4,4.0,3,0,Pain de mie grandes tranches Toastiligne céréales & graines 500g,g,"['Plant-based foods and beverages', 'Plant-based foods', 'Cereals and potatoes', 'Breads', 'Sliced breads', 'Multigrain sliced breads']","['Low or no fat', 'Fair trade', 'Vegetarian', 'Vegan', 'Made in France', 'No added fat', 'No added sugar', 'Nutriscore', 'Nutriscore Grade A', 'Agri-Éthique France', 'fr:Blé français']"
3228857002351,900.0,Harrys,['Gluten'],"['Eggs', 'Milk', 'Nuts', 'Sesame seeds', 'Soybeans']",13,B,4.0,A,True,True,maybe,moderate,low,low,moderate,1178.0,280.0,6.8,0.5,43.0,3.6,8.1,7.7,1.1,0.44,,0.919628906249997,1,9,8,3.0,1,0.0,5,3.0,5,0,Pain de mie american sandwich complet sans sucres ajoutés maxi 900g,g,"['Plant-based foods and beverages', 'Plant-based foods', 'Cereals and potatoes', 'Frozen foods', 'Breads', 'Sliced breads', 'Frozen breads', 'Wholemeal breads', 'Wholemeal sliced breads']","['Vegetarian', 'Source of fibre', 'High fibres', 'No added sugar', 'Nutriscore', 'Nutriscore Grade A']"
6111214004747,,chipsy d'or,['Gluten'],[],3,B,3.0,C,True,True,yes,high,moderate,low,low,2177.0,520.0,29.0,3.36,38.9,1.65,2.7,24.6,0.059,0.0236,,,-5,2,7,,0,,0,7.0,0,0,Pipas,,"['Plant-based foods and beverages', 'Plant-based foods', 'Seeds', 'Sunflower seeds and their products', 'Sunflower seeds', 'Roasted sunflower seeds', 'Sunflower seed grilled and salted']",['Green Dot']
3175681037854,145.0,Céréal Bio,['Gluten'],"['Gluten', 'Soybeans']",4,B,3.0,A,True,True,yes,low,low,low,moderate,1548.0,370.0,1.7,0.4,75.0,1.5,3.5,12.0,0.48,0.192,,,1,6,5,4.0,0,0.0,2,4.0,1,0,Tartines craquantes sarrasin,g,"['Plant-based foods and beverages', 'Plant-based foods', 'Snacks', 'Cereals and potatoes', 'Extruded crispbreads']","['Low or no sugar', 'Low sugar', 'Organic', 'EU Organic', 'No preservatives', 'Non-EU Agriculture', 'CZ-BIO-001', 'EU Agriculture', 'EU/non-EU Agriculture', 'FR-BIO-01', 'FR-BIO-10', 'Green Dot', 'Made in France', 'No colorings', 'Nutriscore', 'Nutriscore Grade A', 'AB Agriculture Biologique', 'Verified']"
6111266962651,500.0,Jaouda,['Milk'],[],1,B,1.0,D,True,True,no,low,low,low,low,45.0,191.0,1.5,1.1,,0.0,,3.0,0.0,0.0,0.0,,-4,2,6,1.0,0,1.0,0,6.0,0,0,lait,ml,"['Dairies', 'Milks (liquid and powder)', 'Milks', 'Semi-skimmed milks']",[]
6111246950845,1.0,Jibal,[],"['Milk', 'Nuts', 'fr:cake', 'fr:chocolate']",5,B,,C,False,True,yes,moderate,moderate,low,low,230.0,55.0,3.0,2.0,,4.0,,3.0,0.1,0.04,,,2,8,6,4.0,3,1.0,0,6.0,0,0,Jibal,l,"['Dairies', 'Milks', 'Homogenized milks', 'UHT Milks', 'Whole milks']","['FSC', 'FSC Mix']"
3182180001477,255.0,brioche pasquier,['Gluten'],"['Eggs', 'Milk', 'Nuts', 'Sesame seeds', 'Soybeans']",14,B,4.0,A,True,True,yes,moderate,moderate,low,moderate,1791.0,425.0,9.6,2.0,68.0,1.7,7.4,13.0,0.89,0.356,,0.0,1,10,9,5.0,0,1.0,4,5.0,4,0,Grilletine au froment sans sucres ajoutés,g,"['Plant-based foods and beverages', 'Plant-based foods', 'Cereals and potatoes', 'Cereals and their products', 'Breads', 'Toasts', 'Toasted bread rolls', 'Wheat rusk slices']","['No GMOs', 'No added sugar', 'Nutriscore', 'Nutriscore Grade A', 'Triman']"
3168930009795,500.0,Quaker,"['Gluten', 'Nuts']",['Milk'],26,B,4.0,C,,,maybe,moderate,moderate,high,low,1757.0,420.0,11.0,1.8,62.0,13.0,13.0,11.0,0.24,0.096,0.0,,1,10,9,5.0,3,1.0,1,4.0,5,0,Muesli Croustillant Noix de pécan & noix du Brésil,g,"['Plant-based foods and beverages', 'Plant-based foods', 'Breakfasts', 'Cereals and potatoes', 'Cereals and their products', 'Breakfast cereals', 'Mueslis', 'Cereals with nuts', 'Mueslis with nuts']","['No preservatives', 'Green Dot', 'No colorings', 'Nutriscore', 'Nutriscore Grade A']"
6111250012416,1.0,Albane,['Milk'],[],1,B,1.0,D,True,True,no,low,low,low,low,194.0,46.0,1.5,1.0,4.9,0.0,,3.0,0.0,0.0,,,-3,3,6,3.0,0,0.0,0,6.0,0,0,ألبان الحليب الجديد,,"['Dairies', 'Milks', 'fr:Maroc']",[]
7613035449626,645.0,Nestlé,['Gluten'],"['Milk', 'Nuts']",31,B,4.0,B,True,True,yes,moderate,low,high,low,1624.0,384.0,4.4,1.1,73.8,19.9,7.7,8.5,0.2,0.08,,0.0,2,10,8,4.0,5,1.0,0,3.0,5,0,Chocapic,g,"['Plant-based foods and beverages', 'Plant-based foods', 'Breakfasts', 'Cereals and potatoes', 'Cereals and their products', 'Breakfast cereals', 'Chocolate cereals', 'Breakfast cereals fortified with vitamins and chemical elements', 'Extruded cereals', 'Breakfast cereals rich in fibre', 'Chocolate wheat shells', 'Unfilled breakfast chocolate cereals fortified with vitamins and chemical elements']","['Made in France', 'No colorings', 'Nutriscore', 'Nutriscore Grade B', 'Rainforest Alliance', 'Triman']"
4056489039518,225.0,Maître Jean Pierre,['Gluten'],"['Eggs', 'Milk', 'Sesame seeds', 'Soybeans']",9,B,4.0,A,True,True,yes,moderate,low,low,moderate,1717.0,408.0,10.0,0.9,66.0,4.2,6.9,10.0,1.0,0.4,,0.0,2,10,8,5.0,1,0.0,4,4.0,4,0,Petit Pains Grillés Blé complet,g,"['Plant-based foods and beverages', 'Plant-based foods', 'Cereals and potatoes', 'Breads', 'Toasts', 'Toasted bread rolls']","['No palm oil', 'Nutriscore', 'Nutriscore Grade A', 'fr:Farine de blé français', 'Triman']"
3175681028111,200.0,Céréal Bio,"['Gluten', 'fr:avoine']","['Celery', 'Eggs', 'Lupin', 'Milk', 'Mustard', 'Nuts', 'Sesame seeds', 'Soybeans']",14,B,4.0,A,True,True,yes,moderate,low,low,moderate,792.0,189.0,5.4,0.6,25.0,3.8,5.0,7.5,0.95,0.38,,,2,7,5,2.0,1,0.0,4,3.0,2,0,Les Galettes Boulgour & Quinoa - Tomate & Paprika,g,"['Plant-based foods and beverages', 'Plant-based foods', 'Meat alternatives', 'Vegetarian patties', 'Cereals and vegetables patties']","['Vegetarian', 'Organic', 'EU Organic', 'No preservatives', 'Source of fibre', 'Vegan', 'Cooked in France', 'EU Agriculture', 'FR-BIO-01', 'Made in France', 'Natural colorings', 'No additives', 'No colorings', 'Nutriscore', 'Nutriscore Grade A', 'AB Agriculture Biologique']"
5000157024671,415.0,Heinz,[],[],8,B,4.0,A,True,True,yes,low,low,low,high,388.240963855422,80.0,0.337349397590361,0.0481927710843374,15.4698795180723,4.28915662650602,3.85542168674699,4.81927710843374,1.56626506024096,0.626506024096386,,94.0449183303085,1,9,8,1.0,1,0.0,7,2.0,1,5,HEINZ BEANZ In a rich tomato sauce,g,"['Plant-based foods and beverages', 'Plant-based foods', 'Fruits and vegetables based foods', 'Legumes and their products', 'Vegetable-based foods and beverages', 'Canned foods', 'Legumes', 'Vegetables based foods', 'Canned plant-based foods', 'Prepared vegetables', 'Baked beans in tomato sauce', 'Canned legumes', 'Canned common beans']",['No gluten']
5025125000006,580.0,Jason's Sourdough,['Gluten'],[],4,B,3.0,A,True,True,yes,low,low,low,moderate,974.2,223.0,0.8,0.1,44.1,0.0,2.9,10.1,0.905,0.362,,0.0,2,6,4,2.0,0,0.0,4,4.0,0,0,White Ciabattin,g,"['Plant-based foods and beverages', 'Plant-based foods', 'Cereals and potatoes', 'Cereals and their products', 'Breads', 'Sourdough breads', 'White breads']","['Vegetarian', 'Vegan', 'Great Taste']"
4056489235798,750.0,Maître Jean Pierre,['Gluten'],"['Lupin', 'Milk', 'Mustard', 'Soybeans']",25,B,4.0,A,True,,maybe,moderate,low,low,moderate,1214.0,290.0,9.4,1.0,38.5,0.0,5.0,10.4,1.0,0.4,,0.0,1,7,6,3.0,0,0.0,4,4.0,2,0,Pain de mie Grandes Tranches Spécial Sandwich 7 Céréales,g,"['Plant-based foods and beverages', 'Plant-based foods', 'Cereals and potatoes', 'Breads', 'Sliced breads', 'Multigrain sliced breads', 'Pain de mie']","['No palm oil', 'Nutriscore', 'Nutriscore Grade A']"
6111024004746,1.0,ALHORRA,[],[],1,B,2.0,D,True,True,yes,high,high,low,low,3765.0,900.0,100.0,17.0,0.0,0.0,,0.0,0.0,0.0,,,2,7,5,,0,,0,,0,5,Huile d'olive vierge de Maroc,l,"['Plant-based foods and beverages', 'Plant-based foods', 'Fats', 'Vegetable fats', 'Olive tree products', 'Vegetable oils', 'Olive oils', 'Extra-virgin olive oils', 'Virgin olive oils']",[]
6111242102187,,Jaouda,[],[],11,C,,B,False,True,yes,low,low,moderate,low,339.7,80.0,1.6,0.6,13.3,12.0,,3.2,0.2,0.08,,0.0,3,4,1,1.0,3,0.0,0,1.0,0,0,Ghani,,"['Dairies', 'Fermented foods', 'Fermented milk products', 'Desserts', 'Dairy desserts', 'Fermented dairy desserts', 'Yogurts']",[]
5411188116592,1.0,Alpro,[],['Nuts'],15,B,4.0,,True,True,yes,moderate,moderate,low,low,66.65,16.0,1.61243,1.419,2.8664,0.18588,0.08367,0.38454,0.06965786,,,8.6,2,2,0,1.0,0,1.0,0,0.0,0,0,Tempting and Tropical Coco,l,"['Beverages and beverages preparations', 'Plant-based foods and beverages', 'Beverages', 'Dairy substitutes', 'Milk substitutes', 'Plant-based beverages', 'Plant-based milk alternatives', 'Pasteurised products']","['Low or no fat', 'Vegetarian', 'Low fat', 'No gluten', 'Enriched with vitamins', 'No milk', 'Pasteurized', 'Vegan', '100% vegetable', 'Calcium source', 'High in calcium', 'Low energy', 'Made in France', 'No added sugar', 'Nutriscore', 'Nutriscore Grade B', 'Vitamin B12 source', 'Vitamin D source']"
3175681028098,200.0,Céréal Bio,"['Celery', 'Gluten']","['Milk', 'Nuts', 'Sesame seeds', 'Soybeans']",19,B,4.0,A,True,True,yes,moderate,low,low,moderate,780.0,186.0,5.2,0.6,25.0,3.8,6.2,5.0,0.95,0.38,,,2,7,5,2.0,1,0.0,4,2.0,3,0,Galettes boulghour & épeautre,g,"['Meat alternatives', 'Vegetarian patties', 'Cereals and vegetables patties']","['Vegetarian', 'Organic', 'Certified by Ecocert', 'EU Organic', 'No preservatives', 'Non-EU Agriculture', 'Source of fibre', 'Vegan', 'Cooked in France', 'ES-ECO-019-CT', 'EU Agriculture', 'EU/non-EU Agriculture', 'FR-BIO-01', 'High fibres', 'Natural colorings', 'No additives', 'No colorings', 'Nutriscore', 'Nutriscore Grade A', 'AB Agriculture Biologique', 'fr:Blé français']"
3248340054063,1.0,C’est qui le patron?!,['Milk'],[],1,B,1.0,C,True,True,no,low,low,low,low,199.0,47.0,1.55,1.04,4.83,4.66,0.0,3.38,0.09,,,0.0,0,7,7,3.0,3,1.0,0,7.0,0,0,Lait demi écrémé,l,"['Dairies', 'Milks (liquid and powder)', 'Milks', 'Homogenized milks', 'Pasteurised products', 'Semi-skimmed milks', 'UHT Milks']","['No GMOs', 'French milk', 'FSC', 'FSC Mix', 'fr:Garantie IPLC', 'Triman']"
6111242105638,1.0,Jaouda,['Milk'],[],4,B,1.0,D,True,True,no,moderate,low,low,low,242.0,58.0,3.0,1.3,4.7,0.0,,3.0,0.0,0.0,,,0,6,6,5.0,0,1.0,0,6.0,0,0,Lait sans lactose,l,"['Dairies', 'Milks', 'Homogenized milks', 'UHT Milks', 'Lactose-free milk']","['No gluten', 'No lactose']"
6111266962910,230.0,jaouda,[],[],7,B,4.0,D,True,,maybe,low,low,moderate,low,155.0,37.0,0.0,0.0,8.7,4.5,0.2,0.1,0.0025,0.001,0.0,66.0,2,6,4,3.0,3,0.0,0,0.0,0,4,press up jaouda petit orange,,"['Beverages and beverages preparations', 'Plant-based foods and beverages', 'Beverages', 'Plant-based beverages', 'Fruit-based beverages', 'Juices and nectars', 'Fruit juices', 'Orange juices']",['Rich in vitamin C']
3329770051072,360.0,Petit yoplait std,['Milk'],[],5,B,3.0,A,True,True,no,moderate,moderate,low,low,364.0,87.0,3.8,2.5,4.1,4.1,0.1,9.0,0.075,0.03,,,1,4,3,1.0,1,2.0,0,3.0,0,0,Fromage frais nature au lait demi-écrémé.,g,"['Dairies', 'Fermented foods', 'Fermented milk products', 'Desserts', 'Dairy desserts', 'Fermented dairy desserts', 'Petits suisses', 'Plain fermented dairy desserts', 'Plain Petit-Suisse']","['Source of proteins', 'French milk', 'High proteins', 'Made in France', 'Nutriscore', 'Nutriscore Grade A', 'Triman']"
20171841,250.0,Tastino,['Gluten'],"['Gluten', 'Milk', 'Sesame seeds']",2,B,3.0,A,True,True,yes,low,low,low,moderate,1345.0,319.0,1.5,0.3,60.0,0.0,16.0,8.3,1.3,0.52,,,2,10,8,4.0,0,0.0,6,3.0,5,0,Tostas integral CENTENO/CENTEIO,unknown,"['Plant-based foods and beverages', 'Plant-based foods', 'Cereals and potatoes', 'Breads', 'Crispbreads', 'Rye breads']","['Source of fibre', 'Green Dot', 'High fibres', 'Nutriscore', 'Nutriscore Grade B', 'Tidy man']"
6111242104198,950.0,jaouda,[],[],7,B,4.0,C,True,,maybe,low,low,moderate,low,151.2,37.0,0.0,0.0,8.7,4.5,0.2,0.1,0.0025,0.001,,66.0,2,6,4,3.0,3,0.0,0,0.0,0,4,Pressup Orange 1l,g,"['Beverages and beverages preparations', 'Plant-based foods and beverages', 'Beverages', 'Plant-based beverages', 'Fruit-based beverages', 'Juices and nectars', 'Fruit nectars', 'Fruit juices', 'Orange juices', 'Orange nectars']",[]
8410111211202,240.0,Isabel,[],[],3,B,,E,False,True,yes,moderate,moderate,low,moderate,828.0,198.0,10.0,1.5,0.0,0.0,0.0,27.0,1.2,0.48,,,1,8,7,2.0,0,1.0,5,7.0,0,0,Atun,g,"['Seafood', 'Fishes and their products', 'Canned foods', 'Fishes', 'Fatty fishes', 'Canned fishes', 'Tunas', 'Canned tunas', 'Atún-en-aceite']","['Dolphin Safe', 'Natural source of Oméga 3']"
7613032655495,260.0,Nestlé,[],[],5,B,4.0,,True,True,yes,,,,,211.0,50.0,1.6,1.0,5.0,4.9,0.9,3.4,0.1,0.04,,,0,7,7,4.0,3,0.0,0,7.0,0,0,"Chicorée & Café, RICORÉ® L'Original, Boîte de 260g",g,"['Beverages and beverages preparations', 'Plant-based foods and beverages', 'Beverages', 'Plant-based foods', 'Plant-based beverages', 'Beverage preparations', 'Coffees', 'Instant beverages', 'Instant coffee substitutes', 'Instant coffees', 'Instant mix of chicory and coffee powder']","['Vegetarian', 'Green Dot', 'Made in France', 'Nutriscore', 'Nutriscore Grade A', 'Triman']"
8436547770137,500.0,Hacendado,['Milk'],[],5,C,1.0,,True,True,no,moderate,high,low,low,308.4,74.0,4.2,2.9,5.1,2.3,,3.9,0.0002,8e-05,,0.0,4,11,7,7.0,2,2.0,0,7.0,0,0,Kéfir Natural Sabor Suave,g,"['Beverages and beverages preparations', 'Beverages', 'Dairies', 'Fermented foods', 'Fermented milk products', 'Desserts', 'Dairy desserts', 'Dairy drinks', 'Fermented dairy desserts', 'Fermented drinks', 'Fermented milk drinks', 'Kefir yogurts', 'Kefir']","['No gluten', 'Green Dot']"
3083680613576,265.0,Cassegrain,"['Celery', 'Gluten', 'Soybeans']","['Gluten', 'Soybeans', 'Cereals-with-gluten']",10,B,4.0,A,True,,maybe,low,low,low,moderate,394.0,93.0,0.5,0.1,14.0,0.0,3.1,6.6,0.76,0.304,,92.5545571245186,-3,5,8,,0,,3,2.0,1,5,LENTILLES PRÉPARÉES,g,"['Plant-based foods and beverages', 'Plant-based foods', 'Legumes and their products', 'Canned foods', 'Legumes', 'Meals', 'Seeds', 'Canned plant-based foods', 'Legume seeds', 'Pulses', 'Lentils', 'Canned legumes', 'Canned seasoned lentils', 'Prepared lentils', 'Vegetables - Prepared/Processed (Shelf Stable)']","['No preservatives', 'Green Dot', 'Nutriscore', 'Nutriscore Grade A', 'fr:Eco-emballages']"
3229820797861,450.0,Bjorg,"['Gluten', 'Nuts']","['Milk', 'Nuts', 'Sesame seeds', 'Soybeans']",11,B,4.0,A,True,True,yes,moderate,moderate,high,low,1847.0,486.0,17.0,2.1,56.0,0.0,9.9,11.0,0.02,0.008,,0.0,1,10,9,5.0,3,2.0,0,4.0,5,0,"Croustillant 3 noix noisette, amande & noix de cajou",g,"['Plant-based foods and beverages', 'Plant-based foods', 'Breakfasts', 'Cereals and potatoes', 'Cereals and their products', 'Breakfast cereals', 'Mueslis', 'Breakfast cereals rich in fibre', 'Cereals with nuts', 'Crunchy cereal clusters', 'Cereal clusters with nuts', 'Mueslis with nuts']","['Organic', 'EU Organic', 'Non-EU Agriculture', 'DE-ÖKO-001', 'EU Agriculture', 'EU/non-EU Agriculture', 'No palm oil', 'Nutriscore', 'Nutriscore Grade B', 'AB Agriculture Biologique']"
6111126001988,450.0,Chergui,['Milk'],[],2,B,1.0,,True,True,no,moderate,low,moderate,low,201.0,48.0,1.8,0.013,5.0,3.4,,3.0,0.13,0.052,,,-1,5,6,3.0,2,0.0,0,6.0,0,0,Leben BELDI,g,"['Beverages and beverages preparations', 'Beverages', 'Dairies', 'Spreads', 'Spreadable fats', 'Milkfat']",[]
3124480186560,33.0,Oasis,['Orange'],[],17,B,4.0,,True,,maybe,low,low,moderate,low,120.0,28.0,0.0,0.0,6.6,6.6,,0.1,0.03,0.012,,,1,1,0,0.0,1,0.0,0,0.0,0,0,oasis,cl,"['Aliments et boissons à base de végétaux', 'Boissons', 'Boissons aux fruits', 'Boissons avec sucre ajouté', 'Boissons plates aux fruits', 'Boissons sans alcool', 'Boissons à base de végétaux']",['Sans conservateurs']
3770016162036,210.0,HappyVore,['Gluten'],"['Gluten', 'Milk', 'Sesame seeds', 'Soybeans']",18,B,4.0,C,True,True,yes,moderate,low,low,moderate,1065.4,252.0,14.0,1.3,20.0,0.8,6.8,9.0,1.18,0.472,,0.0,2,9,7,3.0,0,1.0,5,3.0,4,0,Nuggets Végétaux et Gourmands,g,"['Plant-based foods and beverages', 'Plant-based foods', 'Meat alternatives', 'Meat analogues', 'Breaded products', 'Meat analogues from soy or wheat proteins', 'Vegetarian nuggets']","['Vegetarian', 'No artificial flavors', 'Source of fibre', 'Source of proteins', 'Vegan', '100% vegetable', 'Certified B Corporation', 'High proteins', 'Made in France', 'No artificial colors', 'No artificial colours or flavours', 'No palm oil', 'Nutriscore', 'Nutriscore Grade A', 'fr:A']"
5010029229110,500.0,Weetabix,"['Gluten', 'Soybeans']",[],19,B,4.0,C,True,True,yes,moderate,moderate,high,low,1610.0,385.0,5.0,2.25,70.0,17.0,10.0,10.0,0.16,0.064,,,1,10,9,4.0,4,2.0,0,4.0,5,0,Crispy minis choco,g,"['Plant-based foods and beverages', 'Plant-based foods', 'Breakfasts', 'Cereals and potatoes', 'Cereals and their products', 'Breakfast cereals', 'Chocolate cereals']","['Nutriscore', 'Nutriscore Grade A']"
4056489028109,150.0,Solevita,[],[],5,B,1.0,C,True,True,yes,low,low,moderate,low,108.0,26.0,0.333333333333333,0.0666666666666667,5.26666666666667,5.26666666666667,,0.333333333333333,0.0066666666666666,0.0026666666666666,,,2,6,4,2.0,4,0.0,0,0.0,0,4,SHOT de GINGEMBRE BIO,ml,"['Beverages and beverages preparations', 'Plant-based foods and beverages', 'Beverages', 'Plant-based foods', 'Plant-based beverages', 'Fruit-based beverages', 'Juices and nectars', 'Fruit juices', 'Non-alcoholic beverages']","['Vegetarian', 'Organic', 'EU Organic', 'Non-EU Agriculture', 'Vegan', 'AT-BIO-301', 'EU Agriculture', 'EU/non-EU Agriculture', 'European Vegetarian Union', 'European Vegetarian Union Vegan', 'Nutriscore', 'Nutriscore Grade B', 'Pure juice', 'AB Agriculture Biologique', 'Triman']"
3175681170872,250.0,Céréal Bio,"['Gluten', 'Soybeans']","['Celery', 'Eggs', 'Milk', 'Mustard', 'Nuts', 'Sesame seeds']",13,B,3.0,A,True,True,yes,moderate,low,low,moderate,638.0,153.0,6.4,1.1,13.0,1.6,8.9,6.4,0.72,0.288,,,-3,5,8,,0,,3,2.0,5,1,"Lentilles cuisinées, riz & soja",g,"['Plant-based foods and beverages', 'Plant-based foods', 'Legumes and their products', 'Legumes', 'Meals', 'Seeds', 'Legume seeds', 'Pulses', 'Lentils', 'Microwave meals', 'Plant-based meals', 'Prepared lentils']","['Vegetarian', 'Organic', 'EU Organic', 'No preservatives', 'Non-EU Agriculture', 'Vegan', 'EU Agriculture', 'EU/non-EU Agriculture', 'FR-BIO-01', 'FR-BIO-10', 'Made in France', 'No colorings', 'Nutriscore', 'Nutriscore Grade A', 'AB Agriculture Biologique', 'fr:Sans viande']"
8002470023727,75.0,Carapelli,[],[],1,B,2.0,C,True,True,yes,high,high,low,low,3374.0,821.0,91.0,14.0,0.0,0.0,,0.0,0.0,0.0,,,0,5,5,,0,,0,0.0,0,5,Huile d'olive vierge extra Bio Classico,cl,"['Plant-based foods and beverages', 'Plant-based foods', 'Fats', 'Vegetable fats', 'Olive tree products', 'Vegetable oils', 'Olive oils', 'Extra-virgin olive oils', 'Virgin olive oils']","['Organic', 'EU Organic', 'Non-EU Agriculture', 'EU Agriculture', 'EU/non-EU Agriculture', 'IT-BIO-008', 'AB Agriculture Biologique', 'Triman']"
8008698007389,300.0,Schär,['Soybeans'],"['Lupin', 'Mustard', 'Sesame seeds']",28,B,4.0,A,True,True,no,moderate,low,low,moderate,1037.6,556.0,6.4,0.8,38.0,4.0,10.0,4.4,0.94,0.376,,0.0,2,8,6,3.0,1,0.0,4,1.0,5,0,Wholesome Seeded Loaf,g,"['Plant-based foods and beverages', 'Plant-based foods', 'Cereals and potatoes', 'Cereals and their products', 'Specific products', 'Products for specific diets', 'Breads', 'Products without gluten', 'Gluten-free breads', 'Bakkerij', 'Brood', 'Glutenvrij brood']","['No gluten', 'Crossed Grain Trademark', 'No preservatives', 'Green Dot', 'No lactose']"
3229820801087,1.0,Bjorg,[],[],4,B,3.0,B,True,True,yes,low,low,low,low,120.0,29.0,0.9,0.2,4.5,0.5,0.0,0.6,0.09,0.036,0.0,,2,2,0,2.0,0,0.0,0,0.0,0,0,Avoine sans sucres,l,"['Beverages and beverages preparations', 'Plant-based foods and beverages', 'Beverages', 'Plant-based foods', 'Cereals and potatoes', 'Dairy substitutes', 'Cereals and their products', 'Milk substitutes', 'Plant-based beverages', 'Plant-based milk alternatives', 'Cereal-based drinks', 'Oat-based drinks']","['Organic', 'EU Organic', 'Certified B Corporation', 'EU Agriculture', 'FR-BIO-01', 'IT-BIO-007', 'Made in Italy', 'Nutriscore', 'Nutriscore Grade B', 'AB Agriculture Biologique']"
6111126005894,500.0,Chergui,[],[],24,B,,E,False,True,yes,moderate,moderate,moderate,low,184.0,44.0,1.7,1.19,4.5,4.2,,2.7,0.1275,0.051,,,2,7,5,3.0,3,1.0,0,5.0,0,0,Kéfir Nature,,"['Beverages and beverages preparations', 'Beverages', 'Dairies', 'Fermented foods', 'Fermented milk products', 'Desserts', 'Dairy desserts', 'Dairy drinks', 'Fermented dairy desserts', 'Fermented drinks', 'Fermented milk drinks', 'Yogurts', 'Kefir']",[]
3229820794624,130.0,Bjorg,[],['Sesame seeds'],2,B,3.0,A,True,True,yes,moderate,low,low,low,1585.0,379.0,3.2,0.698529411764706,77.0,0.599264705882353,3.59926470588235,8.7,0.25,0.1,,,1,5,4,4.0,0,0.0,1,3.0,1,0,Galettes riz complet Bio,g,"['Plant-based foods and beverages', 'Plant-based foods', 'Cereals and potatoes', 'Cereals and their products', 'Puffed cereal cakes', 'Puffed rice cakes', 'Puffed wholegrain rice cakes']","['No gluten', 'Organic', 'EU Organic', 'Certified B Corporation', 'FR-BIO-01', 'Made in Italy', 'Nutriscore', 'Nutriscore Grade A', 'Triman']"
7613032779566,1000.0,Nestlé,['Gluten'],"['Milk', 'Nuts']",31,B,4.0,B,True,True,yes,moderate,low,high,low,1624.0,384.0,4.4,1.1,73.8,19.9,7.7,8.5,0.2,0.08,,,2,10,8,4.0,5,1.0,0,3.0,5,0,chocapic,g,"['Plant-based foods and beverages', 'Plant-based foods', 'Breakfasts', 'Cereals and potatoes', 'Cereals and their products', 'Breakfast cereals', 'Chocolate cereals', 'Breakfast cereals fortified with vitamins and chemical elements', 'Extruded cereals', 'Breakfast cereals rich in fibre', 'Chocolate wheat shells', 'Unfilled breakfast chocolate cereals fortified with vitamins and chemical elements']","['Vegetarian', 'Green Dot', 'Made in France', 'No palm oil', 'Nutriscore', 'Nutriscore Grade A', 'Rainforest Alliance', 'Rainforest Alliance Cocoa', 'Too good to go', 'fr:Blé français', 'Triman']"
3175681290297,130.0,Gerblé,"['Gluten', 'Nuts']","['Eggs', 'Lupin', 'Milk', 'Nuts', 'Sesame seeds', 'Soybeans']",20,B,4.0,C,True,True,yes,moderate,moderate,low,low,1861.0,445.0,20.0,3.6,64.0,0.0,6.0,8.0,0.1775,0.071,22.0,,2,8,6,5.0,0,3.0,0,3.0,3,0,Cookie Chocolat saveur noisette Sans sucres,g,"['Snacks', 'Sweet snacks', 'Biscuits and cakes', 'Biscuits and crackers', 'Biscuits', 'Chocolate biscuits', 'Drop cookies', 'Chocolate chip cookies']","['Low or no sugar', 'Vegetarian', 'Vegan', 'Made in France', 'No palm oil', 'No sugar', 'Nutriscore', 'Nutriscore Grade A', 'Rainforest Alliance']"
5411188115472,1.0,Alpro,['Soybeans'],[],16,B,4.0,A,True,True,yes,moderate,low,moderate,low,163.0,39.0,1.8,0.3,2.5,2.5,0.5,3.0,0.09,0.036,,,-1,5,6,3.0,2,0.0,0,6.0,0,0,Voll mit Protein Soya,l,"['Beverages and beverages preparations', 'Plant-based foods and beverages', 'Beverages', 'Plant-based foods', 'Legumes and their products', 'Dairy substitutes', 'Milk substitutes', 'Plant-based beverages', 'Plant-based milk alternatives', 'Legume-based drinks', 'Soy-based drinks', 'Plain soy drink fortified with calcium', 'Sweetened plain soy-based drinks', 'Unsweetened plain soy-based drinks']","['No gluten', 'Vegetarian', 'Vegan', 'FSC', 'No lactose']"
6111024002186,200.0,Huilor,[],['Nuts'],3,B,,E,False,True,yes,high,high,low,low,3700.0,900.0,100.0,12.6,0.0,0.0,0.0,0.0,0.0,0.0,24.0,,-1,4,5,,0,,0,0.0,0,5,Houilor,cl,"['Plant-based foods and beverages', 'Plant-based foods', 'Fats', 'Vegetable fats', 'Olive tree products', 'Vegetable oils', 'Olive oils']",[]
5010477365316,400.0,JORDANS,['Nuts'],[],14,B,4.0,C,True,True,yes,moderate,moderate,moderate,low,1840.0,440.0,20.0,3.7,47.0,9.5,18.0,9.0,0.03,0.012,,,2,10,8,5.0,2,3.0,0,3.0,5,0,Oh my crisp ! - Noix,g,"['Plant-based foods and beverages', 'Plant-based foods', 'Breakfasts', 'Cereals and potatoes', 'Cereals and their products', 'Breakfast cereals', 'Mueslis']","['No added sugar', 'Nutriscore', 'Nutriscore Grade B']"
5449000135544,0.5,Ciel,[],[],1,B,,,False,True,yes,low,low,low,low,0.0,0.0,0.0,0.0,0.0,0.0,0.0,0.0,0.013,0.0052,,,0,0,0,0.0,0,0.0,0,0.0,0,0,Ciel 50cl,l,"['Beverages and beverages preparations', 'Beverages', 'Waters', 'Unsweetened beverages', 'Table waters']",[]
3480341000704,200.0,Elle & Vire,['Milk'],[],8,B,4.0,C,True,,no,low,low,low,moderate,355.0,85.0,0.3,0.2,4.5,0.0,,16.0,1.3,0.52,,,1,7,6,1.0,0,0.0,6,6.0,0,0,Carré Frais Ail & Fines Herbes,g,"['Dairies', 'Fermented foods', 'Fermented milk products', 'Cheeses', 'Spreads', 'Salted spreads', 'Pasteurized cheeses', 'Cheese spreads', 'Cream cheeses', 'Uncured-soft-cheese-spreadable-around-30-40-fat-flavoured']","['Low or no fat', 'Source of proteins', 'Calcium source', 'High proteins', 'No fat']"
3165440008935,400.0,Tipiak,"['Celery', 'Gluten']","['Celery', 'Lupin', 'Milk', 'Mustard', 'Nuts', 'Sesame seeds', 'Soybeans']",17,B,4.0,,True,True,yes,low,low,low,moderate,620.0,148.0,1.4,0.2,28.0,2.3,2.4,4.9,0.8,0.32,,,2,4,2,1.0,0,0.0,3,2.0,0,0,Céréales méditerranéennes Sec,g,"['Plant-based foods and beverages', 'Plant-based foods', 'Cereals and potatoes', 'Cereals and their products', 'Meals', 'Variety packs', 'Cereal variety packs']","['Made in France', 'Nutriscore', 'Nutriscore Grade A']"
3175681132467,200.0,Céréal Bio,"['Gluten', 'Milk', 'fr:avoine']","['Celery', 'Nuts', 'Sesame seeds', 'Soybeans']",19,B,3.0,A,True,True,no,moderate,moderate,low,moderate,917.0,219.0,9.0,1.7,26.0,3.4,6.3,5.4,0.96,0.384,,,2,7,5,2.0,0,1.0,4,2.0,3,0,Les galettes orge et boulgour au chèvre miel,g,"['Meat alternatives', 'Vegetarian patties']","['Vegetarian', 'Organic', 'EU Organic', 'No preservatives', 'Non-EU Agriculture', 'Source of fibre', 'ES-ECO-019-CT', 'EU Agriculture', 'EU/non-EU Agriculture', 'FR-BIO-01', 'High fibres', 'Made in France', 'No additives', 'No colorings', 'Nutriscore', 'Nutriscore Grade A', 'AB Agriculture Biologique']"
3029330004240,500.0,Jacquet,['Gluten'],"['Nuts', 'Soybeans']",18,B,4.0,,True,True,yes,low,low,low,moderate,947.0,224.0,1.6,0.3,41.0,3.8,8.7,7.1,1.2,0.48,,0.0,1,8,7,2.0,1,0.0,5,2.0,5,0,Fines Tartines farine de Seigle,g,"['Plant-based foods and beverages', 'Plant-based foods', 'Cereals and potatoes', 'Breads']","['Nutriscore', 'Nutriscore Grade A']"
6175634,2.0,Ekibio,[],[],1,B,,B,False,True,yes,low,low,moderate,moderate,1616.0,381.0,1.8,0.5,83.0,6.5,4.3,6.7,0.3,0.12,0.0,0.0,2,6,4,4.0,1,0.0,1,2.0,2,0,Tartines craquantes à la châtaigne,x,"['Plant-based foods and beverages', 'Plant-based foods', 'Snacks', 'Cereals and potatoes', 'Breads', 'Extruded crispbreads', 'Crispbreads']","['No gluten', 'Vegetarian', 'Crossed Grain Trademark', 'Vegan', 'EU Agriculture', 'Made in France', 'No added sugar', 'Nutriscore', 'Nutriscore Grade A']"
5025125000112,450.0,Jason's,['Gluten'],[],10,B,3.0,A,True,True,yes,low,low,low,moderate,1003.6,237.0,0.7,0.1,46.4,2.1,3.0,9.7,0.7875,0.315,,0.0,1,5,4,2.0,0,0.0,3,4.0,0,0,Sourdough,g,"['Plant-based foods and beverages', 'Plant-based foods', 'Cereals and potatoes', 'Cereals and their products', 'Breads', 'Sourdough breads']","['Vegetarian', 'No artificial flavors', 'No artificial preservatives', 'Vegan']"
3265474000018,1.0,Lesieur,[],[],7,B,2.0,A,True,True,yes,high,high,low,low,3700.0,900.0,100.0,9.1997,0.0,0.0,0.0,0.12,0.012,,,0.0,2,2,0,,0,,0,0.0,0,0,Huile Isis 4,l,"['Plant-based foods and beverages', 'Plant-based foods', 'Fats', 'Vegetable fats', 'Vegetable oils', 'Flavoured oils', 'Mixed vegetable oils', 'Combined-oil-blended-vegetable-oils']","['Omega-3', 'High in Omega 3', 'Nutriscore', 'Nutriscore Grade B', 'Rich in vitamin D', 'fr:Bleu Blanc Cœur', 'Triman', 'Enriched-wih-vitamins', 'Frabrique-en-france']"
3329770076471,850.0,Calin,['Milk'],[],6,B,1.0,A,True,True,no,moderate,moderate,moderate,low,344.0,82.0,3.2,2.2,6.6,6.6,,5.7,0.13,0.052,,,2,4,2,1.0,1,2.0,0,2.0,0,0,"FROM.BLC.3,2% NAT.CALIN",g,"['Dairies', 'Fermented foods', 'Fermented milk products', 'Desserts', 'Dairy desserts', 'Fermented dairy desserts', 'Fromages blancs - petit suisses and skyr', 'Plain fermented dairy desserts', 'fr:Fromages blancs']","['French milk', 'High in calcium', 'Nutriscore', 'Nutriscore Grade B', 'Triman', 'fr:Sante-des-os', 'fr:Systeme-immunitaire']"
6111266963283,110.0,COPAG,[],[],3,B,,B,False,True,yes,moderate,moderate,low,low,330.0,78.0,3.3,2.4,8.0,0.0,,4.2,0.0,0.0,,,1,2,1,0.0,0,2.0,0,1.0,0,0,Jaouda,g,"['Dairies', 'Fermented foods', 'Fermented milk products', 'Desserts', 'Dairy desserts', 'Fermented dairy desserts', 'Yogurts']","['No gluten', 'No lactose']"
3175681116863,132.0,Gerblé,"['Gluten', 'Sesame seeds']","['Eggs', 'Lupin', 'Milk', 'Nuts', 'Soybeans']",13,B,4.0,C,True,,maybe,moderate,moderate,low,moderate,1850.0,442.0,18.0,1.7,66.0,0.0,5.4,8.1,0.32,0.128,17.0,0.0,1,7,6,5.0,0,1.0,1,3.0,3,0,Sablé sésame saveur vanille,g,"['Snacks', 'Sweet snacks', 'Biscuits and cakes', 'Biscuits and crackers', 'Biscuits']","['Low or no sugar', 'Made in France', 'No colorings', 'No palm oil', 'No sugar', 'Nutriscore', 'Nutriscore Grade A', 'Triman', 'Avec édulcorants']"
6111032000624,1.0,Salim,['Milk'],[],1,B,1.0,C,True,True,no,moderate,moderate,low,low,242.0,58.0,3.0,2.0,4.8,0.0,0.0,3.0,0.0,0.0,,,0,6,6,5.0,0,1.0,0,6.0,0,0,Lait naturel,l,"['Dairies', 'Milks', 'Homogenized milks', 'UHT Milks', 'Whole milks', 'Whole milk UHT']",['No preservatives']
3770018078144,120.0,LA VIE,['Soybeans'],"['Eggs', 'Milk', 'Nuts']",9,B,4.0,C,True,True,yes,low,low,low,high,481.0,115.0,2.1,0.8,3.7,0.7,2.8,19.0,1.6725,0.669,,,2,9,7,1.0,0,0.0,8,7.0,0,0,Jambon Nature,g,"['Frozen foods', 'Meat alternatives', 'Meat analogues', 'Prepared meat cuts substitutes', 'Ham substitutes']","['Vegetarian', 'No artificial flavors', 'Vegan', 'Nutriscore', 'Nutriscore Grade B']"
3175681302679,210.0,Gerblé,"['Gluten', 'Nuts']","['Eggs', 'Lupin', 'Milk', 'Mustard', 'Nuts', 'Sesame seeds', 'Soybeans']",17,B,4.0,C,True,True,yes,moderate,moderate,high,low,1974.0,471.0,19.0,1.6,61.0,0.0,8.0,10.0,0.18,0.072,,,1,10,9,5.0,4,1.0,0,4.0,5,0,Amande,g,"['Snacks', 'Sweet snacks', 'Biscuits and cakes', 'Biscuits and crackers', 'Biscuits']","['Source of fibre', 'High fibres', 'Natural flavors', 'No colorings', 'No palm oil', 'Nutriscore', 'Nutriscore Grade A']"
8410111000707,52.0,Isabel,['Fish'],[],8,B,4.0,E,False,True,yes,moderate,moderate,low,moderate,648.0,155.0,8.5,1.5,2.7,2.0,0.4,17.0,1.175,0.47,,,1,7,6,1.0,0,1.0,5,6.0,0,0,Atún con tomate,g,"['Seafood', 'Fishes and their products', 'Canned foods', 'Fishes', 'Fatty fishes', 'Canned fishes', 'Tunas', 'Canned tunas', 'fr:Thon à la sauce tomate', 'fr:Thon-a-la-sauce-tomate']",[]
6111242107441,500.0,Jaouda,['Milk'],[],4,B,1.0,C,True,True,no,moderate,low,low,low,243.0,58.0,3.0,1.3,4.7,0.0,,3.0,0.0,0.0,,,0,6,6,5.0,0,1.0,0,6.0,0,0,lait sans lactose,ml,"['Dairies', 'Milks (liquid and powder)', 'Specific products', 'Milks', 'Products for specific diets', 'Homogenized milks', 'Pasteurised products', 'Products without gluten', 'UHT Milks', 'Lactose-free milk']","['No gluten', 'No preservatives', 'French milk', 'No lactose']"
8008698005576,300.0,Schär,['Soybeans'],"['Lupin', 'Mustard']",19,B,4.0,B,True,True,no,moderate,low,low,moderate,1006.4,232.0,3.6,0.4,44.0,0.0,8.0,3.6,0.98,0.392,,0.0,1,7,6,3.0,0,0.0,4,1.0,5,0,Wholesome White Loaf,g,"['Plant-based foods and beverages', 'Plant-based foods', 'Cereals and potatoes', 'Cereals and their products', 'Specific products', 'Products for specific diets', 'Breads', 'Products without gluten', 'Gluten-free breads', 'Sliced breads']","['Vegetarian', 'No gluten', 'Crossed Grain Trademark', 'No preservatives', 'Source of fibre', 'Green Dot', 'High fibres', 'No lactose', 'No wheat', 'pt:IT-016-373']"
6111242100022,450.0,Jaouda,['Milk'],[],2,B,1.0,D,True,True,no,low,moderate,low,low,184.1,43.0,1.3,0.9,4.8,0.0,0.0,3.2,0.0,0.0,,0.0,-4,3,7,3.0,0,0.0,0,7.0,0,0,Leben JAOUDA,g,"['Beverages', 'Dairies', 'Fermented foods', 'Fermented milk products', 'Dairy drinks', 'Fermented drinks', 'Fermented milk drinks', 'Plain fermented skimmed milk drink', 'fr:Leben']",[]
3302740059193,160.0,Fleury Michon,['Celery'],[],22,B,4.0,E,True,False,no,low,low,low,moderate,418.0,100.0,1.6,0.4,0.5,0.0,,21.0,1.475,0.59,,,1,8,7,1.0,0,0.0,7,7.0,0,0,Blanc de Poulet Doré au Four,g,"['Meats and their products', 'Meats', 'Chicken and its products', 'Poultries', 'Chickens', 'Charcuterie-de-volaille', 'Viande']","['No gluten', 'Made in France']"
20004132,400.0,Baresa,[],[],4,B,1.0,A,True,True,yes,low,low,low,moderate,111.9,26.0,0.2,0.1,4.0,0.0,1.8,1.3,1.3,0.52,,99.9,1,6,5,0.0,0,0.0,6,0.0,0,5,Chopped Tomatoes,g,"['Plant-based foods and beverages', 'Plant-based foods', 'Fruits and vegetables based foods', 'Canned foods', 'Vegetables based foods', 'Canned plant-based foods', 'Vegetables', 'Canned vegetables', 'Tomatoes and their products', 'Tomatoes', 'Canned tomatoes', 'Peeled tomatoes', 'de:Gehackte-tomaten']","['Vegetarian', 'Pasteurized', 'Vegan', 'Nutriscore', 'Nutriscore Grade A']"
3029330069898,410.0,Jacquet,['Gluten'],"['Eggs', 'Milk', 'Sesame seeds']",11,B,,A,False,True,yes,moderate,low,moderate,moderate,1127.0,270.0,4.3,0.5,44.0,5.3,6.2,10.0,1.0,0.4,,0.0,1,8,7,3.0,1,0.0,4,4.0,3,0,Tartines p’tit dej,g,"['Plant-based foods and beverages', 'Plant-based foods', 'Cereals and potatoes', 'Cereals and their products', 'Breads', 'Sliced breads', 'Wholemeal breads', 'Wholemeal sliced breads']","['Vegetarian', 'Vegan', 'Cooperative product', 'No added sugar', 'No additives', 'No palm oil', 'Nutriscore', 'Nutriscore Grade A', 'With wholemeal flour', 'fr:Farine de blé français', 'fr:Origine France', 'Triman', 'fr:Coopérative française', 'fr:Plaisir et qualité', 'fr:Sachet recyclable', 'fr:Suggestion de présentation']"
3330720244017,320.0,Lucien georgelin,[],[],5,B,4.0,B,True,True,yes,low,low,high,low,374.0,89.0,0.5,0.01,21.7,21.7,8.9,0.6,0.02,0.008,,,1,7,6,1.0,6,0.0,0,0.0,5,1,Confiture fraise sans sucre ajoutes,g,"['Plant-based foods and beverages', 'Plant-based foods', 'Breakfasts', 'Spreads', 'Plant-based spreads', 'Sweet spreads', 'Fruit and vegetable preserves', 'Jams', 'Berry jams', 'Strawberry jams']","['Source of fibre', 'High fibres', 'Made in France', 'No added sugar']"
3560070910366,1.0,Carrefour BIO,[],[],1,B,2.0,C,True,True,yes,high,high,low,low,3382.0,823.0,91.0,13.0,0.0,0.0,,0.0,0.0,0.0,,,0,5,5,,0,,0,0.0,0,5,Huile d'olive vierge extra,l,"['Plant-based foods and beverages', 'Plant-based foods', 'Fats', 'Vegetable fats', 'Olive tree products', 'Vegetable oils', 'Olive oils', 'Extra-virgin olive oils', 'Virgin olive oils', 'Olive-oil-blends']","['Organic', 'EU Organic', 'Non-EU Agriculture', 'ES-ECO-001-AN', 'ES-ECO-003-AN', 'ES-ECO-019-CT', 'EU Agriculture', 'EU/non-EU Agriculture', 'FR-BIO-01', 'Nutriscore', 'Nutriscore Grade B', 'AB Agriculture Biologique']"
6111265800497,,,[],[],2,B,,D,False,True,yes,moderate,moderate,low,low,247.0,59.0,3.0,1.9,4.8,0.0,,3.2,0.0,0.0,,,-1,6,7,5.0,0,1.0,0,7.0,0,0,Albane,,"['Dairies', 'Milks']",[]
3302740058660,130.0,Fleury Michon,['Celery'],[],19,B,4.0,E,True,False,no,low,low,low,moderate,418.0,100.0,1.6,0.4,0.5,0.5,,21.0,1.5,0.6,,,1,8,7,1.0,0,0.0,7,7.0,0,0,Blanc de poulet 100% filet,g,"['Meats and their products', 'Prepared meats', 'fr:Charcuteries cuites', 'Poultry hams', 'Cooked chicken breast slices', 'fr:Blancs de poulet rôti à la broche']","['Nutriscore', 'Nutriscore Grade B', 'Without sodium nitrite']"
3229820019604,1.0,Bjorg,['Soybeans'],[],3,B,4.0,A,True,True,yes,moderate,low,low,low,178.0,43.0,2.6,0.6,0.7,0.5,0.5,3.9,0.03,0.012,,,-4,3,7,3.0,0,0.0,0,7.0,0,0,Soja nature sans sucre ajouté bio,l,"['Beverages and beverages preparations', 'Plant-based foods and beverages', 'Beverages', 'Plant-based foods', 'Legumes and their products', 'Dairy substitutes', 'Milk substitutes', 'Plant-based beverages', 'Plant-based milk alternatives', 'Legume-based drinks', 'Soy-based drinks', 'Unsweetened plain soy-based drinks']","['Low or no sugar', 'Organic', 'EU Organic', 'No GMOs', 'Non-EU Agriculture', 'Certified B Corporation', 'CH-BIO-006', 'Eco-Score', 'Eco-Score A', 'EU Agriculture', 'EU/non-EU Agriculture', 'FR-BIO-01', 'FSC', 'FSC Mix', 'IT-BIO-005', 'IT-BIO-006', 'IT-BIO-007', 'Made in Italy', 'Made in Swiss', 'No added sugar', 'No sugar', 'AB Agriculture Biologique', 'fr:Origine France', 'fr:Facile-a-digerer', 'fr:Proteines-vegetales']"
3033710003228,250.0,Nestlé,['Gluten'],[],4,B,1.0,,True,True,yes,low,low,moderate,moderate,1549.0,366.0,0.5,0.2,81.4,4.4,8.0,5.1,0.23,0.092,,,2,14,12,10.0,3,0.0,1,7.0,5,0,RICORÉ® aux céréales et à la chicorée solubles Boîte 250g,g,"['Beverages and beverages preparations', 'Plant-based foods and beverages', 'Beverages', 'Plant-based beverages', 'Beverage preparations', 'Instant beverages', 'Instant coffee substitutes', 'Instant chicory']","['Green Dot', 'No added sugar', 'No caffeine', 'Nutriscore', 'Nutriscore Grade A', 'Triman']"
7613035694958,160.0,Garden Gourmet,"['Eggs', 'Gluten', 'Milk', 'Soybeans']","['Celery', 'Mustard', 'Sesame seeds', 'Soybeans']",30,B,4.0,B,True,True,no,moderate,moderate,low,moderate,804.0,192.0,8.3,1.8,17.9,3.5,3.2,9.8,0.9,0.36,,41.4018758417509,2,8,6,2.0,1,1.0,4,4.0,1,1,GARDEN GOURMET Carré gourmand Tomates et mozzarella 160g,g,"['Meat alternatives', 'Vegetarian patties']","['Vegetarian', 'Source of fibre', 'European Vegetarian Union', 'European Vegetarian Union Vegetarian', 'No colorings', 'Nutriscore', 'Nutriscore Grade A', 'Unfrozen', 'Triman']"
3560071010058,500.0,Carrefour,"['Gluten', 'fr:avoine', 'fr:avoine']","['Lupin', 'Mustard', 'Sesame seeds', 'Soybeans']",25,B,4.0,,True,,maybe,moderate,low,low,moderate,1064.0,253.0,6.9,0.8,36.0,2.3,6.9,8.2,1.2,0.48,,0.0,1,8,7,3.0,0,0.0,5,3.0,4,0,Le pain aux Céréales,g,"['Plant-based foods and beverages', 'Plant-based foods', 'Cereals and potatoes', 'Breads', 'fr:Pains multicéréales']","['Source of fibre', 'Green Dot', 'High fibres', 'Made in Germany', 'Nutriscore', 'Nutriscore Grade A']"
20002183,200.0,Milbona,['Milk'],[],4,B,3.0,D,True,True,no,low,low,low,moderate,146.8456,98.0,0.188518,0.109142,4.951078,4.891546,0.0,3.254416,0.363422,,,0.0,1,2,1,0.0,1,0.0,1,1.0,0,0,Cottage Cheese,g,"['Dairies', 'Fermented foods', 'Fermented milk products', 'Cheeses', 'Desserts', 'Dairy desserts', 'Cow cheeses', 'Fermented dairy desserts', 'Plain fermented dairy desserts', 'Fresh cheeses', 'Cottage cheeses', 'Plain cottage cheeses']","['Nutriscore', 'Nutriscore Grade B', 'es:Recicla-amarillo']"
6111032009924,440.0,,['Milk'],[],5,B,4.0,D,True,True,no,low,low,low,low,165.0,39.0,0.7,0.5,5.9,0.0,,2.3,0.2375,0.095,0.0,,0,4,4,3.0,0,0.0,1,4.0,0,0,SALIM LBEN 440G,g,"['Dairies', 'Milks (liquid and powder)', 'Milks', 'ar:Salim']",[]
3560070879762,500.0,Carrefour Original,['Gluten'],"['Lupin', 'Mustard', 'Sesame seeds', 'Soybeans']",16,B,4.0,A,True,,maybe,low,low,low,moderate,933.0,221.0,1.2,0.3,42.0,0.0,6.3,7.1,1.2,0.48,,0.0,2,7,5,2.0,0,0.0,5,2.0,3,0,Le Pain Het Brood au Seigle met Rouge,g,"['Plant-based foods and beverages', 'Plant-based foods', 'Cereals and potatoes', 'Breads', 'Rye breads']","['Source of fibre', 'High fibres', 'Nutriscore', 'Nutriscore Grade A']"
3178050000749,1.0,Puget,[],[],1,B,2.0,E,True,True,yes,high,high,low,low,3700.0,900.0,100.0,15.0,0.0,0.0,,0.0,0.0,0.0,,,0,5,5,,0,,0,0.0,0,5,Huile d'olive,l,"['Plant-based foods and beverages', 'Plant-based foods', 'Fats', 'Vegetable fats', 'Olive tree products', 'Vegetable oils', 'Olive oils', 'Extra-virgin olive oils', 'Virgin olive oils']","['Natural product', 'Nutriscore', 'Nutriscore Grade B', 'Triman']"
3497917002451,120.0,Brets,[],"['Eggs', 'Gluten', 'Milk']",3,B,3.0,A,True,True,yes,high,moderate,low,moderate,2359.0,567.0,38.0,3.1,45.0,0.6,4.6,8.9,1.1,0.44,,,0,5,5,,0,,5,3.0,2,0,Chips de Sarrasin au Sel de Guerande,g,"['Plant-based foods and beverages', 'Plant-based foods', 'Snacks', 'Cereals and potatoes', 'Salty snacks', 'Seeds', 'Appetizers', 'Cereals and their products', 'Chips and fries', 'Cereal grains', 'Crisps', 'Buckwheat', 'Chips-de-sarrasin']","['Nutriscore', 'Nutriscore Grade C', 'Produced in Brittany', 'Triman', 'Au-sel-de-guérande', 'Pme-plus', 'Produit-en-bretagne', 'Sarrasin-100%-français']"
3175681037885,145.0,Céréal bio,"['Gluten', 'Milk', 'Soybeans']","['Celery', 'Eggs', 'Gluten', 'Lupin', 'Milk', 'Nuts', 'Sesame seeds', 'Soybeans']",5,B,3.0,A,True,True,yes,low,low,low,moderate,1599.0,377.0,2.3,0.3,78.0,2.8,2.5,9.9,0.32,0.128,,,1,5,4,4.0,0,0.0,1,4.0,0,0,Tartines Craquantes Multi-Céréales,g,"['Plant-based foods and beverages', 'Plant-based foods', 'Snacks', 'Cereals and potatoes', 'Extruded crispbreads']","['Low or no sugar', 'Low sugar', 'Organic', 'EU Organic', 'No preservatives', 'Non-EU Agriculture', 'EU Agriculture', 'EU/non-EU Agriculture', 'FR-BIO-01', 'FR-BIO-10', 'Made in France', 'New recipe', 'No colorings', 'No palm oil', 'Nutriscore', 'Nutriscore Grade A', 'AB Agriculture Biologique', 'Triman']"
3571492210019,750.0,Briau,"['Fish', 'Milk', 'Sesame seeds']","['Celery', 'Crustaceans', 'Gluten', 'Molluscs', 'Mustard', 'Nuts', 'Peanuts', 'Sesame seeds', 'Soybeans']",20,B,4.0,,True,False,no,moderate,low,low,moderate,656.0,158.0,10.0,1.3,7.7,0.8,,8.2,0.66,0.264,,,2,5,3,1.0,0,1.0,3,3.0,0,0,BRANDADE DE MORUE,g,"['Meals', 'Meals with fish', 'Refrigerated foods', 'Refrigerated meals', 'Cod brandade', 'fr:Brandades de morue parmentière', 'fr:preparations-made-from-fish-meat']","['No artificial flavors', 'No preservatives', 'Green Dot', 'Made in France', 'No colorings', 'Nutriscore', 'Nutriscore Grade A']"
3770008009882,250.0,Funkie,"['Milk', 'Peanuts']","['Milk', 'Nuts']",7,B,3.0,C,False,True,yes,moderate,moderate,high,low,1846.0,438.0,17.0,3.0,58.0,13.0,6.0,13.0,0.13,0.052,,,2,10,8,5.0,3,2.0,0,5.0,3,0,Les Fourrées  -  Beurre de Cacahuète & Cacao,g,"['Plant-based foods and beverages', 'Plant-based foods', 'Snacks', 'Breakfasts', 'Cereals and potatoes', 'Sweet snacks', 'Cereals and their products', 'Breakfast cereals', 'Extruded cereals', 'Filled cereals']","['Low or no sugar', 'Low sugar', 'No gluten', 'Organic', 'Vegetarian', 'EU Organic', 'Non-EU Agriculture', 'Reduced sugar', 'Vegan', 'Without vegetable oils', '30% less sugar', '60% less sugar', 'EU Agriculture', 'EU/non-EU Agriculture', 'Made in France', 'No additives', 'No palm oil', 'Nutriscore', 'Nutriscore Grade C - New calculation', 'Without oil', 'AB Agriculture Biologique']"
6111246721339,190.0,le berger,['Milk'],[],5,B,4.0,A,True,,no,high,low,low,moderate,941.0,225.0,21.0,0.0,4.0,0.0,0.0,6.0,0.4,0.16,0.0,,1,3,2,2.0,0,0.0,1,2.0,0,0,Ftoury Fromage Blanc,g,"['Dairies', 'Fermented foods', 'Fermented milk products', 'Desserts', 'Dairy desserts', 'Fermented dairy desserts', 'fr:Fromages blancs']",['fr:Lait sélectionné']
6111024004753,50.0,horra,[],[],1,B,,D,False,True,yes,high,high,low,low,3765.0,900.0,100.0,16.8,0.0,0.0,,0.0,0.0,0.0,,,2,7,5,,0,,0,,0,5,Huille,cl,"['Plant-based foods and beverages', 'Plant-based foods', 'Fats', 'Vegetable fats', 'Olive tree products', 'Vegetable oils', 'Olive oils', 'Extra-virgin olive oils', 'Virgin olive oils']",[]
6410500090014,200.0,Finn Crisp,['Gluten'],['Sesame seeds'],6,B,3.0,,True,True,yes,low,low,low,moderate,1463.2,333.0,2.6,0.5,61.0,0.0,20.0,10.0,1.4,0.56,,0.0,1,10,9,4.0,0,0.0,6,4.0,5,0,Original Sourdough Rye Thins,g,"['Plant-based foods and beverages', 'Plant-based foods', 'Cereals and potatoes', 'Cereals and their products', 'Breads', 'Crispbreads', 'Crispbreads (wholemeal)', 'Sourdough crisp bread']","['Source of fibre', 'High fibres']"
3029330071280,825.0,Jacquet,['Gluten'],"['Eggs', 'Milk', 'Sesame seeds', 'fr:sucres']",11,B,4.0,A,True,True,yes,moderate,low,low,moderate,1038.0,243.0,3.0,0.3,42.0,3.8,6.6,8.7,1.2,0.48,,1.775,2,9,7,3.0,1,0.0,5,3.0,4,0,Pain Complet,g,"['Plant-based foods and beverages', 'Plant-based foods', 'Cereals and potatoes', 'Breads', 'Sliced breads', 'Wholemeal breads', 'Wholemeal sliced breads']","['Vegetarian', 'Vegan', 'No added sugar', 'No additives', 'No palm oil', 'fr:Origine France']"
3272770015516,140.0,Savencia,"['Milk', 'Nuts']",['Nuts'],15,B,4.0,B,True,True,yes,moderate,moderate,low,low,941.0,225.0,19.0,1.7,7.4,1.1,4.0,4.6,0.0025,0.001,,,1,3,2,2.0,0,1.0,0,1.0,1,0,Tartare 100% vegetal,g,"['Plant-based foods and beverages', 'Plant-based foods', 'Spreads', 'Plant-based spreads', 'Salted spreads', 'Cheese spreads substitutes']","['Vegetarian', 'Vegan', 'No additives', 'Triman']"
3302740057502,116.0,Fleury Michon,['Celery'],[],21,B,4.0,E,True,False,no,low,low,low,moderate,468.0,112.0,2.0,0.6,0.5,0.5,,23.0,1.475,0.59,,,1,8,7,1.0,0,0.0,7,7.0,0,0,Filet de poulet 🐔 rôti,g,"['Meats and their products', 'Prepared meats', 'fr:Charcuteries cuites', 'Poultry hams', 'Cooked chicken breast slices']","['No gluten', 'Made in France', 'Nutriscore', 'Nutriscore Grade B', 'Without sodium nitrite']"
3154230800965,140.0,Herta,[],[],31,B,4.0,E,,False,no,low,low,low,moderate,446.3,103.0,2.0,0.7,0.9,0.0,0.0,21.0,1.5,0.6,,0.0394775390625001,1,8,7,1.0,0,0.0,7,7.0,0,0,Blanc de Poulet Nature,g,"['Meats and their products', 'Meat preparations', 'Meats', 'Prepared meats', 'Chicken and its products', 'Poultries', 'Chicken preparations', 'Chickens', 'fr:Charcuteries cuites', 'Poultry hams', 'Cooked chicken breast slices']","['Made in France', 'Nutriscore', 'Nutriscore Grade B', 'Triman']"
3175681170841,267.0,Céréales bio,"['Celery', 'Gluten', 'Soybeans']","['Celery', 'Eggs', 'Milk', 'Mustard', 'Nuts', 'Sesame seeds']",30,B,3.0,A,True,True,yes,moderate,low,low,moderate,465.0,111.0,3.1,0.4,15.0,2.9,3.8,3.8,0.74,0.296,,,2,4,2,1.0,0,0.0,3,1.0,1,0,Raviolis bio,g,"['Plant-based foods and beverages', 'Plant-based foods', 'Cereals and potatoes', 'Meals', 'Cereals and their products', 'Pasta dishes', 'Pastas', 'Stuffed pastas', 'Ravioli', 'Pasta stuffed with vegetables', 'Ravioli with vegetables', 'fr:Plats à base de tofu', 'fr:Raviolis au tofu']","['Vegetarian', 'Organic', 'EU Organic', 'Non-EU Agriculture', 'Vegan', 'EU Agriculture', 'EU/non-EU Agriculture', 'FR-BIO-10', 'Made in France', 'Nutriscore', 'Nutriscore Grade A', 'AB Agriculture Biologique', 'Triman']"
6111126005580,450.0,Chergui,['Milk'],[],1,B,1.0,D,True,True,no,low,low,low,low,190.372,45.0,1.5,1.0,4.9,0.0,0.0,3.1,0.1,0.04,,,-4,3,7,3.0,0,0.0,0,7.0,0,0,Chergui Lait,ml,"['Dairies', 'Fermented foods', 'Fermented milk products', 'Desserts', 'Dairy desserts', 'Milks (liquid and powder)', 'Fermented dairy desserts', 'Milks', 'fr:Boissons-au-lait']","['No preservatives', 'Fed without soy', 'fr:Chergui']"
6111263000202,100.0,delfy,"['Fish', 'Soybeans']",[],3,B,3.0,D,True,False,no,moderate,moderate,low,moderate,755.0,180.0,15.6,1.5,0.6,0.0,0.0,30.1,1.25,0.5,0.0,,2,9,7,2.0,0,1.0,6,7.0,0,0,Delfy,g,"['Seafood', 'Fishes and their products', 'Fishes', 'Meals', 'Fatty fishes', 'Fish fillets', 'Meals with fish', 'Mackerels', 'Mackerel fillets', 'Meals with cooked white fish', 'Cooked marine white fish without skin']","['Sustainable', 'Sustainable fishery', 'Omega-3', 'High in Omega 3', 'Sustainable Seafood MSC', 'fr:Huile-de-soya', 'fr:Sel']"
3229820019208,500.0,Bjorg,['Gluten'],"['Milk', 'Nuts', 'Sesame seeds', 'Soybeans']",4,B,3.0,A,True,True,yes,low,low,low,moderate,835.0,198.0,1.3,0.2,37.0,4.0,10.0,4.6,1.1,0.44,,0.0,2,8,6,2.0,1,0.0,5,1.0,5,0,Pain complet seigle,g,"['Plant-based foods and beverages', 'Plant-based foods', 'Cereals and potatoes', 'Cereals and their products', 'Breads', 'Rye breads', 'Wholemeal breads']","['Organic', 'EU Organic', 'Non-EU Agriculture', 'DE-ÖKO-001', 'EU Agriculture', 'EU/non-EU Agriculture', 'FR-BIO-01', 'Made in Germany', 'Planet-Score', 'Planet-Score Grade A', 'AB Agriculture Biologique', 'Triman']"
6111035002052,,Les Eaux Minérales d'Oulmès,[],[],9,B,4.0,,True,,maybe,low,low,moderate,low,185.0,44.0,0.0,0.0,11.8,8.9,,0.0,0.0,0.0,,19.725,2,2,0,0.0,2,0.0,0,0.0,0,0,Bul'tropicale,,"['Juice', 'fr:sidi ali']",[]
3270190025337,1.0,Carrefour BIO,['Milk'],[],1,B,1.0,B,True,True,no,low,low,low,low,197.0,47.0,1.6,1.0,4.8,4.8,0.0,3.3,0.1,0.04,,0.0,-1,6,7,3.0,3,0.0,0,7.0,0,0,Lait demi-écrémé Stérilisé UHT,l,"['Dairies', 'Milks (liquid and powder)', 'Milks', 'Homogenized milks', 'Pasteurised products', 'Semi-skimmed milks', 'UHT Milks', 'Organic semi-skimmed milks']","['Organic', 'EU Organic', 'EU Agriculture', 'FR-BIO-01', 'French agriculture', 'French milk', 'Green Dot', 'Made in France', 'Nutriscore', 'Nutriscore Grade A', 'AB Agriculture Biologique', 'fr:Garantie IPLC']"
3019081241216,175.0,Petit Navire,"['Fish', 'Sulphur dioxide and sulphites']","['Celery', 'Eggs', 'Milk', 'Mustard', 'Soybeans']",16,B,3.0,C,True,False,no,moderate,moderate,low,moderate,645.0,155.0,11.0,3.0,0.8,0.6,0.57,13.0,1.0,0.4,,14.5,2,7,5,1.0,0,2.0,4,5.0,0,0,Maquereaux vin blanc et aromates,g,"['Seafood', 'Fishes and their products', 'Canned foods', 'Fishes', 'Fatty fishes', 'Canned fishes', 'Fish fillets', 'Mackerels', 'Mackerel fillets', 'Mackerel fillets in white wine and herbs', 'Tinned Mackerels']","['No artificial flavors', 'Omega-3', 'Source of proteins', 'High in Omega 3', 'High proteins', 'Nutriscore', 'Nutriscore Grade B', 'Triman']"
3176571983008,1.0,candia,['Milk'],[],14,B,1.0,B,True,True,yes,low,low,low,low,175.0,41.0,1.0,0.6,4.8,4.8,,3.3,0.1,0.04,,,-1,6,7,3.0,3,0.0,0,7.0,0,0,lait 1/2 écrémé,l,"['Dairies', 'Milks (liquid and powder)', 'Milks', 'Homogenized milks', 'Pasteurised products', 'Semi-skimmed milks', 'UHT Milks', 'UHT milk fortified with vitamins', 'Semi-skimmed UHT milk fortified with vitamins']","['French milk', 'Nutriscore', 'Nutriscore Grade A', 'Renforce-en-vitamine-d', 'Source-de-10-vitamines']"
3184670001080,1.0,RIANS,['Milk'],[],1,B,3.0,C,True,True,no,moderate,moderate,low,low,317.0,76.0,4.5,2.9,4.5,4.5,0.0,4.3,0.1,0.04,0.0,,2,3,1,0.0,1,2.0,0,1.0,0,0,faisselle,kg,"['Dairies', 'Fermented foods', 'Fermented milk products', 'Cheeses', 'Desserts', 'Dairy desserts', 'Fermented dairy desserts', 'Fresh cheeses', 'Cream cheeses', 'Faiselles']","['Green Dot', 'fr:Moule-a-la-louche']"
6111099000582,,lio,[],['Soybeans'],20,B,,E,False,True,yes,high,high,low,low,3765.0,900.0,100.0,14.0,0.0,0.0,,0.0,0.0,0.0,,,0,5,5,,0,,0,0.0,0,5,Lio huile de table,,"['Plant-based foods and beverages', 'Plant-based foods', 'Fats', 'Vegetable fats', 'Olive tree products', 'Vegetable oils', 'Olive oils', 'ar:6.50dh 1/2litr']",[]
6191509900671,750.0,TERRA DELYSSA,[],[],1,B,2.0,D,True,True,yes,high,high,low,low,3449.0,821.0,91.0,19.0,0.0,0.0,0.0,0.0,0.0,0.0,,,2,7,5,,0,,0,,0,5,EXTRA VIRGIN OLIVE OIL,ml,"['Plant-based foods and beverages', 'Plant-based foods', 'Fats', 'Vegetable fats', 'Olive tree products', 'Vegetable oils', 'Olive oils', 'Extra-virgin olive oils', 'Olive oils from Tunisia', 'Virgin olive oils']","['No GMOs', 'Non GMO project']"
3023290030547,2.0,Siggi's,['Milk'],"['Gluten', 'Nuts', 'fr:avoine']",6,B,3.0,A,True,True,yes,low,low,moderate,low,373.0,88.0,1.9,1.4,8.9,8.4,,8.9,0.1,0.04,,,1,4,3,1.0,2,1.0,0,3.0,0,0,Skyr framboise,x,"['Dairies', 'Fermented foods', 'Fermented milk products', 'Desserts', 'Dairy desserts', 'Fermented dairy desserts', 'Fermented dairy desserts with fruits', 'Fromages blancs - petit suisses and skyr', 'Skyrs', 'Fruit skyrs']","['No preservatives', 'No colorings', 'No flavors', 'Without sweeteners', 'Triman', 'fr:Cercle de Möbius']"
8008698011065,350.0,Schär,[],"['Lupin', 'Soybeans']",22,B,4.0,A,True,,maybe,moderate,low,low,moderate,1099.0,255.0,9.2,1.1,36.0,0.0,8.8,4.5,1.0,0.4,,0.0,2,8,6,3.0,0,1.0,4,1.0,5,0,Meisterbäckers Vital,g,"['Plant-based foods and beverages', 'Plant-based foods', 'Cereals and potatoes', 'Specific products', 'Products for specific diets', 'Breads', 'Products without gluten', 'Gluten-free breads', 'Sliced breads', 'Gluten-free sliced breads']","['No gluten', 'Crossed Grain Trademark', 'Green Dot', 'No lactose']"
3292070001576,200.0,Blini,['Sesame seeds'],"['Celery', 'Crustaceans', 'Eggs', 'Fish', 'Gluten', 'Lupin', 'Milk', 'Molluscs', 'Mustard', 'Soybeans']",11,B,3.0,A,True,True,yes,high,moderate,low,moderate,1120.0,271.0,22.2,1.9,8.4,0.0,7.4,5.8,1.19,0.476,0.0,,2,9,7,3.0,0,1.0,5,2.0,4,1,Spécialité à base de pois chiches et de sésame,g,"['Plant-based foods and beverages', 'Plant-based foods', 'Condiments', 'Spreads', 'Plant-based spreads', 'Salted spreads', 'Sauces', 'Dips', 'Hummus', 'Classic hummus', 'Groceries']","['Fair trade', 'Vegetarian', 'Green Dot', 'Nutriscore', 'Nutriscore Grade A', 'Agri-Éthique France', 'Triman', 'fr:Emballage recyclable', 'fr:Fabriqué en Normandie']"
6191509900855,750.0,Terra Delyssa,[],[],2,B,2.0,B,False,True,yes,high,high,low,low,3347.0,800.0,86.6666666666667,16.6666666666667,0.0,0.0,0.0,0.0,0.0,0.0,,,2,7,5,,0,,0,,0,5,Organic Extra Virgin Olive Oil,ml,"['Plant-based foods and beverages', 'Plant-based foods', 'Fats', 'Vegetable fats', 'Olive tree products', 'Vegetable oils', 'Olive oils', 'Extra-virgin olive oils', 'Olive oils from Tunisia', 'Virgin olive oils']","['Organic', 'Certified by Ecocert', 'EU Organic', 'No GMOs', 'Non-EU Agriculture', 'Non GMO project', 'AB Agriculture Biologique', 'Tn-bio-001', 'fr:TN-BIO-001']"
3428273980046,1.0,Lactel,['Milk'],[],11,B,,C,False,True,yes,low,low,low,low,179.0,43.0,1.2,0.8,4.8,4.8,,3.3,0.1075,0.043,,,-1,6,7,3.0,3,0.0,0,7.0,0,0,Lait 100 % français Matin Léger® Demi-Écrémé,l,"['Dairies', 'Milks (liquid and powder)', 'Milks', 'Homogenized milks', 'Pasteurised products', 'Semi-skimmed milks', 'UHT Milks', 'UHT milk fortified with vitamins', 'Cow milks', 'Lactose-free milk', 'Semi-skimmed UHT milk fortified with vitamins']","['French milk', 'Green Dot', 'No lactose', 'Enriched-wih-vitamins', 'fr:Enricĉ']"
8480000609632,200.0,Hacendado,['Milk'],[],7,B,3.0,D,True,True,no,moderate,moderate,low,moderate,391.0,93.0,4.0,2.6,1.6,0.0,0.0,13.0,0.82,0.328,0.0,0.0,2,7,5,1.0,0,2.0,4,5.0,0,0,cottage cheese,g,"['Dairies', 'Fermented foods', 'Fermented milk products', 'Cheeses', 'Fresh cheeses', 'Cottage cheeses']","['Green Dot', 'es:Recicla amarillo']"
4056489141877,1.0,Primadonna,[],[],1,B,2.0,D,True,True,yes,high,high,low,low,3404.0,828.0,92.0,14.0,0.0,0.0,0.0,0.0,0.0,0.0,0.0,,0,5,5,,0,,0,0.0,0,5,Huile d'olive vierge extra d'Espagne,l,"['Plant-based foods and beverages', 'Plant-based foods', 'Fats', 'Vegetable fats', 'Olive tree products', 'Vegetable oils', 'Olive oils', 'Extra-virgin olive oils', 'Virgin olive oils']","['Nutriscore', 'Nutriscore Grade C']"
8005110517006,400.0,Mutti,['Celery'],[],10,B,4.0,A,True,True,yes,low,low,low,moderate,220.9,56.0,2.8,0.5,5.3,4.5,,1.6,0.61,0.243,,70.2,2,4,2,0.0,1,0.0,3,0.0,0,2,Pastasaus m/Basilikum,g,"['Plant-based foods and beverages', 'Plant-based foods', 'Fruits and vegetables based foods', 'Condiments', 'Vegetables based foods', 'Cooking helpers', 'Sauces', 'Tomatoes and their products', 'Meal sauces', 'Pasta sauces', 'Tomato sauces', 'Tomato sauces with basil']","['No gluten', 'No added sugar', 'Nutriscore', 'Nutriscore Grade A']"
6111266962774,440.0,Jaouda,['Milk'],[],2,B,1.0,E,False,True,no,low,moderate,low,low,170.5,52.0,2.4,1.7,4.7,0.0,,3.1,0.0,0.0,,0.0,-3,4,7,3.0,0,1.0,0,7.0,0,0,Leben,g,"['Dairies', 'Fermented foods', 'Fermented milk products', 'Desserts', 'Dairy desserts', 'Milks (liquid and powder)', 'Fermented dairy desserts', 'Milks', 'Yogurts']",[]
8005510001525,75.0,Monini,[],[],1,B,2.0,D,True,True,yes,high,high,low,low,3700.0,900.0,99.9,15.2,0.0,0.0,0.0,0.25,0.0063,,,0.0,0,5,5,,0,,0,0.0,0,5,Huile d'olive vierge extra GranFruttato,cl,"['Plant-based foods and beverages', 'Plant-based foods', 'Fats', 'Vegetable fats', 'Olive tree products', 'Vegetable oils', 'Olive oils', 'Olive oils from Italy', 'Extra-virgin olive oils', 'Virgin olive oils']",['Triman']
3599741006312,500.0,Findus,"['Gluten', 'Milk']","['Celery', 'Crustaceans', 'Eggs', 'Fish', 'Mustard']",7,B,3.0,B,True,True,no,moderate,moderate,low,moderate,326.0,78.0,4.4,2.8,5.3,0.0,1.7,3.5,0.6,0.24,0.0,,1,4,3,0.0,0,2.0,2,1.0,0,2,Epinards Hachés à la Crème,g,"['Plant-based foods and beverages', 'Plant-based foods', 'Fruits and vegetables based foods', 'Vegetables based foods', 'Frozen foods', 'Frozen plant-based foods', 'Frozen vegetables', 'Prepared vegetables', 'Prepared spinachs', 'Spinach with cream sauce']","['No preservatives', 'Sustainable farming', 'No colorings', 'No palm oil', 'Nutriscore', 'Nutriscore Grade A', 'PEFC', 'Triman']"
