url,barkod,urun_adi,miktar,ambalaj,markalar,kategoriler,etiketler,mensei,uretim_yerleri,satildigi_ulkeler,icerik_metni,alerjenler,eser_miktarlar,icerik_sayisi,nutriscore_notu,nova_grubu,yesil_skor_notu,palmiye_yagi_icermez,vejetaryen,vegan_durumu,yag_seviyesi,doymus_yag_seviyesi,seker_seviyesi,tuz_seviyesi,enerji_kj,enerji_kcal,yag_g,doymus_yag_g,karbonhidrat_g,seker_g,lif_g,protein_g,tuz_g,sodyum_g,alkol_yuzde,meyve_sebze_baklagil_yuzde,nutriscore_puan,ns_negatif_puan,ns_pozitif_puan,ns_enerji_puan,ns_seker_puan,ns_doymus_yag_puan,ns_tuz_puan,ns_protein_puan,ns_lif_puan,ns_meyve_sebze_baklagil_puan
https://world.openfoodfacts.org/product/6111246721261/fromage-blanc-nature-milky-food-professional,6111246721261,Fromage Blanc Nature – Milky Food Professional – 1 kg,1 kg,Plastic,Milky Food Professional,"Dairies, ,, Fermented foods, ,, Fermented milk products, ,, Cheeses, ,, Desserts, ,, Dairy desserts, ,, Fermented dairy desserts, ,, Fromages blancs - petit suisses and skyr, ,, Plain fermented dairy desserts, ,, fr:Fromages blancs, ,, fr:Fromages blancs natures",Vegetarian,Maroc,Maroc,"Canada, ,, France, ,, Morocco, ,, United States","French: Ferments lactiques , Présure, Sel.",Milk,Milk,3,A,3,B,True,True,maybe,moderate,low,low,low,337.0,80.0,12.0,0.0,6.1,0.0,0.0,7.3,0.0,0.0,0.0,,-2,1,3,1,0,0,0,3,0,0
https://world.openfoodfacts.org/product/6111035000430/sidi-ali-%D8%B3%D9%8A%D8%AF%D9%8A-%D8%B9%D9%84%D9%8A,6111035000430,sidi ali – سيدي علي – 33 cl,33 cl,"Plastic, ,, Bottle",سيدي علي,"Beverages and beverages preparations, ,, Beverages, ,, Waters, ,, Spring waters, ,, Mineral waters, ,, Unsweetened beverages, ,, Natural mineral waters",,,,"Canada, ,, France, ,, Morocco, ,, United Kingdom, ,, United States",Spanish: OBD1 999 999 1112606 266963207 mb,,,1,A,,,False,True,yes,low,low,low,low,2.0,0.0,0.0,0.0,4.2,1.4,0.0,0.0,0.0,0.0,,0.0,1,1,0,0,1,0,0,0,0,0
https://world.openfoodfacts.org/product/6111035000058/eau-minerale-naturelle-sidi-ali,6111035000058,"Eau minérale naturelle – sidi ali – 1,5 L","1,5 L","Plastic, ,, Bottle or vial, ,, Bottle",sidi ali,"Beverages and beverages preparations, ,, Beverages, ,, Waters, ,, Spring waters, ,, Mineral waters, ,, Unsweetened beverages, ,, Natural mineral waters","ISO 22000, ,, ISO 14001, ,, ISO 45001, ,, ISO 9001",Morocco,,"Canada, ,, France, ,, Germany, ,, Morocco, ,, Netherlands, ,, United Kingdom, ,, United States",100% mineral water,,,1,A,1,,True,True,yes,low,low,low,low,0.0,0.0,0.0,0.0,0.0,0.0,0.0,0.0,0.0076,,,0.0,0,0,0,0,0,0,0,0,0,0
https://world.openfoodfacts.org/product/6111035002175/sidi-ali,6111035002175,Sidi Ali – 2 L,2 L,,Sidi Ali,"Beverages and beverages preparations, ,, Beverages, ,, Waters, ,, Spring waters, ,, Mineral waters, ,, Natural mineral waters",Green Dot,"Bassin d'Oulmès, ,, Sidi Ali Cherif",,"Canada, ,, France, ,, Morocco, ,, United States","sodium, calcium, magnesium, potassium, bicarbonates, sulfates, chlorides",,,7,A,1,,True,True,yes,,,,low,,,,,,,,,0.065,0.026,,,0,0,0,0,0,0,0,0,0,0
https://world.openfoodfacts.org/product/3274080005003/eau-de-source-cristaline,3274080005003,Eau De Source – Cristaline – 1500 ml,1500 ml,"Aluminium-can, ,, HdpeFilm-packet, ,, PpFilm-wrapper, ,, Ldpe-film",Cristaline,"Beverages and beverages preparations, ,, Beverages, ,, Waters, ,, Spring waters, ,, Unsweetened beverages",Triman,France,"Saint-Martin de Gurson, ,, France, ,, 24610","Belgium, ,, Côte d'Ivoire, ,, France, ,, Germany, ,, Guadeloupe, ,, Italy, ,, Luxembourg, ,, Mali, ,, Martinique, ,, Netherlands, ,, New Caledonia, ,, Switzerland, ,, United Kingdom, ,, United States","Eau de source Noemie

Calcium Ca2+ 113 mg/l
Magnesium Mg2+ 228 mg/l
Sodium Na 7 mg/l
Potassium K 2 mg/l
Silice SiOz 15 mg/l
Bicarbonates HCO3 - 447 mg/l
Sulfates SO42 - 53 mg/l
Chlorure Cl - 8 mg/l
Nitrates NO3 - <2 mg/l
Fluor F - <1 mg/l
pH 7.3",None,None,1,A,1,,True,True,yes,low,low,low,low,0.0,0.0,0.0,0.0,0.0,0.0,0.0,0.0,0.00275,0.0011,,,0,0,0,0,0,0,0,0,0,0
https://world.openfoodfacts.org/product/6111128000071/ain-saiss-danone,6111128000071,Ain Saïss – Danone – 1.5 l,1.5 l,Plastic bottle,Danone,"Beverages and beverages preparations, ,, Beverages, ,, Waters, ,, Spring waters, ,, Mineral waters, ,, Non-alcoholic beverages, ,, Unsweetened beverages",,Morocco,Fes Morocco,"France, ,, Morocco, ,, United States",French: Eau minérale naturelle,,,1,A,1,,True,True,yes,low,low,low,low,0.0,0.0,0.0,0.0,0.0,0.0,0.0,0.0,0.0076,,,0.0,0,0,0,0,0,0,0,0,0,0
https://world.openfoodfacts.org/product/6111252421568/coca-cola-aquafina,6111252421568,Coca-Cola – AQUAFINA – 33cl,33cl,"Plastic, ,, Bottle",AQUAFINA,"Beverages and beverages preparations, ,, Beverages, ,, Waters, ,, Spring waters, ,, Mineral waters, ,, Table waters",,Morocco,Casablanca Morocco,"France, ,, Morocco, ,, United States",French: ouverture et avant le : Voir bouteille. après مياه مصفاة بتقنية اكوافينا هايدرو - 7 Eau purifiée par la technique Aquafina HydRO-7,,,4,A,,,False,True,yes,low,low,low,low,0.0,0.0,0.0,0.0,0.0,0.0,0.0,0.0,0.000508,0.0002032,0.0,0.0,0,0,0,0,0,0,0,0,0,0
https://world.openfoodfacts.org/product/6111242100985/jaouda,6111242100985,Jaouda – 80 g,80 g,,Jaouda,"Dairies, ,, Fermented foods, ,, Fermented milk products, ,, Desserts, ,, Dairy desserts, ,, Fermented dairy desserts, ,, Fromages blancs - petit suisses and skyr, ,, Yogurts, ,, Plain fermented dairy desserts, ,, fr:Fromages blancs, ,, fr:Fromages blancs natures",,Morocco,,"France, ,, Morocco, ,, United States","French: lait ecremé , créme , ferments lactiques . Matière grasse: 6% Poids net:90g",Milk,,5,A,1,B,True,True,no,moderate,low,low,low,422.6,101.0,6.0,0.0,4.2,0.0,0.0,7.6,0.0,0.0,,0.0,-2,1,3,1,0,0,0,3,0,0
https://world.openfoodfacts.org/product/6111035000027/mineral-water-sidi-ali,6111035000027,Minéral water – Sidi Ali – 50 cl,50 cl,Plastique,Sidi Ali,"Beverages and beverages preparations, ,, Beverages, ,, Waters, ,, Spring waters, ,, Mineral waters, ,, Natural mineral waters","Green Dot, ,, Maroc",Morocco,Oulmes,"France, ,, Morocco, ,, United States","French: Composition minérale en mg/
Résidu sec à 110°C: 186
12 t S Sodium 26 tCalciumMagnésium9 tiiSulfates 42 i3 t H Chiorures 14Potassium
Bicarbonates 104 i Nitrates",,Agua,3,A,,,False,True,yes,low,low,low,low,0.0,0.0,0.0,0.0,0.0,0.0,,0.0,0.0065,0.0026,,0.0,0,0,0,0,0,0,0,0,0,0
https://world.openfoodfacts.org/product/6111246721278/cream-cheese-original,6111246721278,Cream cheese – Original – 1 kg,1 kg,,Original,"Dairies, ,, Fermented foods, ,, Fermented milk products, ,, Cheeses, ,, Cream cheeses",,,,"France, ,, Morocco, ,, United States","French: Lait de Vache pasteurisé, Crème fraiche pasteurisée
ferments lactiques, Présure,Sel.",Milk,,4,A,3,D,True,True,no,moderate,low,low,low,1061.0,257.0,18.0,0.0,3.1,0.0,0.0,10.0,0.0,0.0,,,-1,3,4,3,0,0,0,4,0,0
https://world.openfoodfacts.org/product/6111035502828/eau-mineral-naturelle-ain-atlas,6111035502828,Eau minéral naturelle – Ain atlas – 33cl,33cl,,Ain atlas,"Beverages and beverages preparations, ,, Beverages, ,, Waters, ,, Spring waters, ,, Mineral waters, ,, Natural mineral waters",Green Dot,Morocco,,"France, ,, Morocco, ,, United States",French: 0800 94 Aïn Atlas EAU MINÉRALE NATURELLE 55 VOTRE CAFÉ POUR ACCOMPAGNER An Atlas ANNEMANG BLE,,,1,A,,,False,True,yes,low,low,low,low,0.0,0.0,0.0,0.0,0.0,0.0,0.0,0.0,0.0,0.0,,,0,0,0,0,0,0,0,0,0,0
https://world.openfoodfacts.org/product/3329770077003/skyr-icelandic-recipe-natural-yoplait,3329770077003,SKYR Icelandic Recipe Natural – Yoplait – 850 g,850 g,,Yoplait,"Dairies, ,, Fermented foods, ,, Fermented milk products, ,, Cheeses, ,, Desserts, ,, Dairy desserts, ,, Fermented dairy desserts, ,, Fromages blancs - petit suisses and skyr, ,, Plain fermented dairy desserts, ,, Skyrs, ,, Plain skyrs","French milk, ,, Made in France, ,, Nutriscore, ,, Nutriscore Grade A, ,, Triman","Made in France. (""Fabriqué en France."") Made with French milk. (""Aved du lait 100% français."")","Boulogne-Billancourt, ,, France, ,, Le Mans","Belgium, ,, France, ,, Ireland, ,, United Kingdom",Fat free yogurt ( Milk ).,Milk,,1,A,3,A,True,True,no,low,low,low,low,238.0,57.0,0.105,0.065,3.6,0.0,0.0,9.5,0.1375,0.055,,,-2,1,3,0,1,0,0,3,0,0
https://world.openfoodfacts.org/product/3760049798609/pain-a-la-farine-de-seigle-graines-la-boulangere,3760049798609,Pain à la farine de seigle & graines – la Boulangère – 500 g,500 g,"Dry, ,, fr:Fermoir plastique, ,, fr:Sachet plastique",la Boulangère,"Plant-based foods and beverages, ,, Plant-based foods, ,, Cereals and potatoes, ,, Cereals and their products, ,, Breads, ,, Sliced breads","Fair trade, ,, Source of fibre, ,, High fibres, ,, Made in France, ,, No palm oil, ,, Nutriscore, ,, Nutriscore Grade A, ,, Agri-Éthique France, ,, fr:Blé français, ,, Triman",France,85140 Essarts en Bocage,France,"wheat flour* 41%, water, brown flax seeds 6,1%, yellow flax seeds 6,1%, hulled sunflower seeds 6%, rye flour 5,1%, wheat gluten, roasted malted barley flour, yeast, barley malt extract, salt, vinegar, natural flavouring (contains alcohol), preservative: calcium propionate, antioxidant: acerola extract, possible traces of eggs , milk , sesame seeds , soya and mustard , * ingredient from french fair trade",Gluten,"Eggs, Milk, Mustard, Sesame seeds, Soybeans",17,A,4,A,True,True,yes,moderate,low,low,moderate,1246.0,294.0,9.6,1.0,37.0,0.0,7.2,12.0,0.96,0.384,,0.48,0,8,8,3,1,0,4,4,4,0
https://world.openfoodfacts.org/product/06175700/tartines-craquantes-au-sarrasin-imp-ekibio,06175700,Tartines craquantes au sarrasin imp – Ekibio – 160 g,160 g,"Plastic, ,, Cardboard","Ekibio, ,, Le pain des Fleurs","Plant-based foods and beverages, ,, Plant-based foods, ,, Snacks, ,, Cereals and potatoes, ,, Cereals and their products, ,, Extruded crispbreads","Vegetarian, ,, Fair trade, ,, No gluten, ,, Organic, ,, Crossed Grain Trademark, ,, EU Organic, ,, Kosher, ,, Vegan, ,, Green Dot, ,, Nutriscore, ,, Nutriscore Grade A, ,, The Vegan Society, ,, AB Agriculture Biologique, ,, Afdiag",France,Peaugres 07340,"Belgium, ,, France, ,, Luxembourg, ,, Morocco, ,, Netherlands, ,, Senegal, ,, Switzerland","Farine de maïs* (70%), farine de riz*, sel marin. * K issus de l'agriculture biologique. • sans sucres ajoutés(¹) (contient des sucres naturellement présents.",,,3,A,3,A,True,True,yes,low,low,low,moderate,1631.0,388.0,2.8,0.6,75.0,2.6,4.4,13.4,0.68,0.272,,,0,7,7,4,0,0,3,5,2,0
https://world.openfoodfacts.org/product/6111035003035/oulmes-natural-carbonated-water-les-eaux-minerales-d-oulmes-s-a,6111035003035,Oulmes natural carbonated water – Les eaux minérales d'Oulmès S.A. – 1L,1L,,Les eaux minérales d'Oulmès S.A.,"Beverages and beverages preparations, ,, Beverages, ,, Carbonated drinks, ,, Waters, ,, Spring waters, ,, Mineral waters, ,, Carbonated waters, ,, Natural mineral waters, ,, Carbonated mineral waters","ISO 22000, ,, ISO 14001, ,, ISO 45001, ,, ISO 9001, ,, Natural co2","Morocco, ,, Maroc",,"France, ,, Morocco, ,, United States",Natural carbonated water 100%,,,1,A,,,False,True,yes,,,,low,,,,,,,,,0.078375,0.03135,,0.0,0,0,0,0,0,0,0,0,0,0
https://world.openfoodfacts.org/product/7311070032611/krisprolls-complets-sans-sucres-ajoutes,7311070032611,Krisprolls complets sans sucres ajoutés – 425 g,425 g,fr:1 Sachet en papier à recycler,Krisprolls,"Plant-based foods and beverages, ,, Plant-based foods, ,, Cereals and potatoes, ,, Cereals and their products, ,, Breads, ,, Rusks, ,, Toasts, ,, Toasted bread rolls, ,, fr:Petit pain grillé suédois sans sucre, ,, fr:Petit-pain-suedois-sans-sucre","Sustainable, ,, No preservatives, ,, Source of fibre, ,, Sustainable Palm Oil, ,, High fibres, ,, No added sugar, ,, No additives, ,, No palm oil, ,, Roundtable on Sustainable Palm Oil, ,, Triman",Sweden,Suède,"France, ,, Switzerland","French: Farine de blé complet* (62%), farine de blé* , huile de colza*, huile de colza totalement hydrogénée, malt d'orge , levure, sel.",Gluten,,7,A,4,A,True,True,yes,moderate,low,low,moderate,1687.0,400.0,6.6,0.9,68.0,1.1,8.3,13.0,1.1,0.44,,0.0,0,10,10,5,0,0,5,5,5,0
https://world.openfoodfacts.org/product/3168930163480/gazpacho-alvalle,3168930163480,Gazpacho – Alvalle – 1L,1L,"Composite material, ,, Elopak, ,, Pure-Pak, ,, Pure-Pak Classic, ,, fr:Conteneur",Alvalle,"Plant-based foods and beverages, ,, Plant-based foods, ,, Fruits and vegetables based foods, ,, Meals, ,, Soups, ,, Vegetable soups, ,, Cold soups, ,, Gazpacho","No gluten, ,, No preservatives, ,, FSC, ,, Green Dot, ,, No additives, ,, No colorings, ,, Nutriscore, ,, Nutriscore Grade A, ,, Triman, ,, fr:Emballage Carbon neutral, ,, fr:FSC-C081801",,Espagne,France,"tomato, pepper, cucumber, onion, extra virgin olive oil (2.6%), wine vinegar, salt, garlic, lemon juice",,Gluten,9,A,3,A,True,True,yes,low,low,low,moderate,168.0,40.0,2.2,0.4,3.5,3.3,1.2,0.9,0.62,0.248,,,-2,3,5,0,0,0,3,0,0,5
https://world.openfoodfacts.org/product/42104964/ciel-33cl,42104964,Ciel 33cl – 33cl,33cl,,Ciel,"Beverages, ,, Waters, ,, Spring waters, ,, Mineral waters, ,, Table waters",,,,"Italy, ,, Morocco, ,, United States",Arabic: ماء مصفى (معالج ومنضح) وأملاح معدنية (ماغنسيوم),,Nuts,4,A,,,False,True,yes,low,low,low,low,0.0,0.0,0.0,0.0,0.0,0.0,,0.0,0.13,0.052,,,0,0,0,0,0,0,0,0,0,0
https://world.openfoodfacts.org/product/7300400481595/authentique-wasa,7300400481595,AUTHENTIQUE – Wasa – 275 g,275 g,"Paper, ,, Envelope, ,, Package paper, ,, Paper recycling",Wasa,"Plant-based foods and beverages, ,, Plant-based foods, ,, Snacks, ,, Breakfasts, ,, Cereals and potatoes, ,, Cereals and their products, ,, Breads, ,, Rusks, ,, Crispbreads, ,, fr:Pain croquant","Vegetarian, ,, Green Dot, ,, Triman",,"Barilla Sverige AB, ,, 682 82, ,, Filipstad, ,, Zweden","France, ,, Italy, ,, Réunion, ,, Spain, ,, Switzerland","wholemeal rye flour (77 g*), rye flour (28 g*), yeast, salt, may contain traces of milk and sesame seeds , *in g per 100 g of product",Gluten,"Lupin, Milk, Mustard, Sesame seeds, Soybeans",4,A,3,A,True,True,yes,low,low,low,moderate,1415.0,336.0,1.5,0.4,62.0,0.0,19.0,9.0,1.0,0.4,0.0,0.0,0,8,8,4,0,0,4,3,5,0
https://world.openfoodfacts.org/product/6111035001659/ain-atlas-eau-minerale-naturelle-des-montagnes-d-atlas,6111035001659,Ain Atlas – Eau minérale naturelle des Montagnes d'Atlas – 5L,5L,Plastic,Eau minérale naturelle des Montagnes d'Atlas,"Beverages and beverages preparations, ,, Beverages, ,, Waters, ,, Spring waters, ,, Mineral waters",,Morocco,Oulémas,"France, ,, Morocco","French: Composition Minérale en mg/L 
Résidu Sec à 110°C: 249 en mg/L 
- Sodium 48 
- Calcium 18 
- Magnésium 13 
- Potassium
- Bicarbonates 217 
- Chlorures 12 
- Sulfates 8 
- Nitrates 4",,,12,A,,,False,True,yes,,,,low,,,,,,,,,0.0,0.0,,,0,0,0,0,0,0,0,0,0,0
https://world.openfoodfacts.org/product/7300400481588/fibres-wasa,7300400481588,Fibres – Wasa – 230 g,230 g,"Paper, ,, Envelope",Wasa,"Plant-based foods and beverages, ,, Plant-based foods, ,, Snacks, ,, Cereals and potatoes, ,, Salty snacks, ,, Appetizers, ,, Cereals and their products, ,, Chips and fries, ,, Crisps, ,, Breads, ,, Extruded crispbreads, ,, Crispbreads, ,, Crispbreads (wholemeal), ,, Extruded and grilled crispbread","Vegetarian, ,, Source of fibre, ,, Green Dot, ,, High fibres, ,, Triman, ,, fr:Emballage-recyclable","Sweden, ,, Germany, ,, Belarus, ,, Estonia, ,, Latvia, ,, Poland, ,, fr:Seigle","Barilla Deutschland GmbH, ,, Wasastrasze 10, ,, 29229, ,, Celle, ,, Allemagne","Belgium, ,, France, ,, Guadeloupe, ,, Italy, ,, Monaco, ,, Réunion, ,, Spain, ,, Switzerland","whole rye flour (57 g), wheat bran (27 g), oatmeal (13 g), sesame seeds (7.9 g), wheat germ, salt.","Gluten, Sesame seeds","Lupin, Milk, Mustard, Soybeans",6,A,3,A,True,True,yes,moderate,low,low,moderate,1397.0,333.0,5.0,1.0,47.0,2.0,26.0,12.0,1.2,0.48,,0.0,0,9,9,4,0,0,5,4,5,0
https://world.openfoodfacts.org/product/3327272107969/peanut-100-menguy-s,3327272107969,Peanut 100% – menguy's – 454 g,454 g,Jar,menguy's,"Plant-based foods and beverages, ,, Plant-based foods, ,, Legumes and their products, ,, Spreads, ,, Nuts and their products, ,, Plant-based spreads, ,, Oilseed purees, ,, Legume butters, ,, Peanut butters","Made in France, ,, Nutriscore, ,, Nutriscore Grade A, ,, Triman",fr:Amérique,France,"France, ,, Réunion",French: Cacahuetes 100%,Peanuts,"Gluten, Nuts, Soybeans",1,A,1,D,True,True,yes,high,high,moderate,low,2529.0,610.0,48.0,5.8,13.0,6.2,7.0,28.0,0.05,0.02,,0.0,-8,3,11,,1,,0,7,4,0
https://world.openfoodfacts.org/product/6111128000460/ain-saiss,6111128000460,aïn Saiss – 5 L,5 L,,aïn Saiss,"Beverages and beverages preparations, ,, Beverages, ,, Waters, ,, Spring waters, ,, Mineral waters, ,, Natural mineral waters",,,,"Morocco, ,, United States",French: eau,,,1,A,1,,True,True,yes,,,,low,,,,,,,,,0.002,0.0008,,,0,0,0,0,0,0,0,0,0,0
https://world.openfoodfacts.org/product/6111242100305/cremy-jaouda,6111242100305,Cremy – jaouda – 110g,110g,,jaouda,"Dairies, ,, Fermented foods, ,, Fermented milk products, ,, Desserts, ,, Dairy desserts, ,, Fermented dairy desserts, ,, Yogurts",,Morocco,,"France, ,, Morocco, ,, United States","fresh milk, sugar, skimmed milk powder, texturizer: starch, cream , flavouring, selected lactic ferments, 3% fat",Milk,,9,A,4,B,,,no,moderate,low,low,low,459.5,109.0,3.0,0.4,16.9,2.0,,3.6,0.0,0.0,,0.0,0,1,1,1,0,0,0,1,0,0
https://world.openfoodfacts.org/product/6111128000163/ain-saiss-33cl-danone,6111128000163,Ain Saiss 33cl – Danone – 0.33 L,0.33 L,Plastic,Danone,"Beverages and beverages preparations, ,, Beverages, ,, Waters, ,, Spring waters, ,, Mineral waters",,,,"France, ,, Morocco, ,, Netherlands, ,, United States","calcium : 63,5
magnésium : 35,5
nitratex : 7
sodium 8
chlorures : 19,8
sulfate : 3,8
bicarbonate : 372
potassium : 1",,,8,A,,,False,True,yes,low,low,low,low,0.0,0.0,0.0,0.0,0.0,0.0,,0.0,0.0,0.0,,0.0,0,0,0,0,0,0,0,0,0,0
https://world.openfoodfacts.org/product/6111128000088/ain-saiss-50cl-%D8%B9%D9%8A%D9%86-%D8%B3%D8%A7%D9%8A%D8%B3,6111128000088,ain saiss 50cl – عين سايس,,,عين سايس,"Beverages and beverages preparations, ,, Beverages, ,, Waters, ,, Spring waters, ,, Mineral waters",Green Dot,,,"France, ,, Morocco, ,, United States",French: Eau.,,,1,A,1,,True,True,yes,low,low,low,low,0.0,0.0,0.0,0.0,0.0,0.0,0.0,0.0,0.0,0.0,,0.0,0,0,0,0,0,0,0,0,0,0
https://world.openfoodfacts.org/product/6111035001635/ain-atlas,6111035001635,Ain Atlas – 1.5 L,1.5 L,,Ain Atlas,"Beverages and beverages preparations, ,, Beverages, ,, Waters, ,, Spring waters, ,, Mineral waters",,,,"Morocco, ,, United States",Unknown language: Sodium 48 Calcium 18 Magnésium 13 Potassium 8 Bicarbonates 217 Chlorures 12 Sulfates Nitrates 4,,,1,A,,,False,True,yes,low,low,low,low,0.0,0.0,0.0,0.0,0.0,0.0,,0.0,0.12,0.048,,,0,0,0,0,0,0,0,0,0,0
https://world.openfoodfacts.org/product/3268840001008/cristaline,3268840001008,Cristaline – 500 ml,500 ml,"Plastic, ,, Bottle or vial, ,, PET 1 - Polyethylene terephthalate, ,, Bottle, ,, fr:Bouchon en plastique",Cristaline,"Beverages and beverages preparations, ,, Beverages, ,, Snacks, ,, Waters, ,, Spring waters","Triman, ,, fr:Sans Nitrates",France,"France, ,, Italie","Belgium, ,, Côte d'Ivoire, ,, France, ,, Germany, ,, Luxembourg, ,, Mali, ,, Martinique, ,, Morocco, ,, Russia, ,, Switzerland, ,, United Kingdom",Hhhhh,,,1,A,1,,True,True,yes,low,low,low,low,0.0,0.0,0.0,0.0,0.0,0.0,0.0,0.0,0.00476,0.001904,0.0,,0,0,0,0,0,0,0,0,0,0
https://world.openfoodfacts.org/product/3760091727732/beurre-bio-cacahuete-ethiquable,3760091727732,Beurre bio cacahuète – Ethiquable – 350 g,350 g,"fr:couvercle en métal, ,, fr:pot en verre",Ethiquable,"Plant-based foods and beverages, ,, Plant-based foods, ,, Legumes and their products, ,, Spreads, ,, Plant-based spreads, ,, Oilseed purees, ,, Legume butters, ,, Peanut butters","Fair trade, ,, Organic, ,, EU Organic, ,, Non-EU Agriculture, ,, Fair-Trade Organic, ,, FR-BIO-01, ,, Made in France, ,, AB Agriculture Biologique, ,, Triman","Fabriqué en France. Chine, Equateur",France,"France, ,, Réunion",French: Arachide* 100%,"Nuts, Peanuts",Nuts,1,A,1,B,True,True,yes,high,high,moderate,low,2575.0,622.0,50.0,6.8,13.0,5.8,8.3,26.0,0.03,0.012,,,-8,4,12,,1,,0,7,5,0
https://world.openfoodfacts.org/product/3229820019307/flocons-d-avoine-bjorg,3229820019307,Flocons d’Avoine – Bjorg – 500 g,500 g,"Hdpe-cap, ,, Paper-carton, ,, Pet-bottle",Bjorg,"Plant-based foods and beverages, ,, Plant-based foods, ,, Breakfasts, ,, Cereals and potatoes, ,, Cereals and their products, ,, Breakfast cereals, ,, Flakes, ,, Cereal flakes, ,, Rolled flakes, ,, Rolled oats","Organic, ,, Certified by Ecocert, ,, EU Organic, ,, Source of fibre, ,, Certified B Corporation, ,, DE-ÖKO-001, ,, EU Agriculture, ,, High fibres, ,, Made in Germany, ,, AB Agriculture Biologique, ,, Triman, ,, fr:Riche en magnésium",Fabriqué en Allemagne,Allemagne,"Belgium, ,, France, ,, Germany, ,, Morocco, ,, New Caledonia, ,, Réunion, ,, Spain, ,, Switzerland",French: Flocons d' avoine complète issue de l'agriculture biologique.,"Gluten, fr:avoine, fr:avoine","Milk, Nuts, Sesame seeds, Soybeans",1,A,1,A,True,True,yes,moderate,low,low,low,1524.0,362.0,7.1,1.3,58.0,0.0,11.0,11.0,0.02,0.008,,,-4,5,9,4,0,1,0,4,5,0
https://world.openfoodfacts.org/product/6111246721940/le-blanc-nature-900g-araai-le-berger,6111246721940,le blanc nature 900g araai – le berger – 900 g,900 g,,le berger,"Dairies, ,, Fermented foods, ,, Fermented milk products, ,, Cheeses, ,, Desserts, ,, Dairy desserts, ,, Fermented dairy desserts, ,, Fromages blancs - petit suisses and skyr, ,, fr:Fromages blancs",,Morocco,,"France, ,, Morocco","French: Lait de Vache pasteurisé, Crème fraiche pasteurisée ferments lactiques, Présure.",Milk,,3,A,3,B,False,True,no,high,low,low,low,991.6,234.0,23.5,0.0,4.9,0.0,0.0,4.9,0.0,0.0,0.0,,0,2,2,2,0,0,0,2,0,0
https://world.openfoodfacts.org/product/3229820129488/muesli-raisin-figue-abricot-bjorg,3229820129488,"Muesli Raisin, Figue, Abricot – Bjorg – 375 g",375 g,,Bjorg,"Plant-based foods and beverages, ,, Plant-based foods, ,, Breakfasts, ,, Cereals and potatoes, ,, Cereals and their products, ,, Breakfast cereals, ,, Cereals with fruits, ,, Mueslis, ,, Mueslis with fruits","Organic, ,, Certified by Ecocert, ,, EU Organic, ,, Non-EU Agriculture, ,, Source of fibre, ,, Certified B Corporation, ,, DE-ÖKO-001, ,, EU Agriculture, ,, EU/non-EU Agriculture, ,, FR-BIO-01, ,, GB-ORG-05, ,, High fibres, ,, No added sugar, ,, Planet-Score, ,, AB Agriculture Biologique, ,, fr:Céréales complètes, ,, fr:Planet Score A",fabriqué en Allemagne,Allemagne,"Belgium, ,, Côte d'Ivoire, ,, France, ,, French Polynesia, ,, Guadeloupe, ,, Italy, ,, Martinique, ,, Morocco, ,, New Caledonia, ,, Réunion, ,, Spain, ,, Switzerland","French: Flocons d'avoine* complète, Flocons de blé* complet, Raisins 8% (raisins*, huile de tournesol*), Figues* séchées 8% (figues*, farine de riz*), Flocons d'épeautre* complet, Pétales de maïs*, Dattes* 4 % (dattes*, farine de riz*), Abricots* secs 3% (abricots*, farine de riz*), Graines de tournesol*, Pétales d'épeautre* complet, Graines de lin*, Graines de courge*.
 Peut contenir des traces de lait , de fruits à coque , de graines de sésame et de soja . *Ingrédients biologiques.",Gluten,"Milk, Nuts, Sesame seeds, Soybeans",20,A,3,A,True,True,yes,moderate,low,high,low,1485.0,352.0,5.8,0.9,59.0,14.0,10.0,11.0,0.03,0.012,,,-2,7,9,4,3,0,0,4,5,0
https://world.openfoodfacts.org/product/20724696/amandes-decortiquees-alesto,20724696,Amandes décortiquées – Alesto – 200g,200g,"Andere Kunststoffe, ,, Kunststoff, ,, Tüte",Alesto,"Plant-based foods and beverages, ,, Plant-based foods, ,, Nuts and their products, ,, Nuts, ,, Almonds","Vegetarian, ,, Vegan, ,, European Vegetarian Union, ,, European Vegetarian Union Vegan, ,, Nutriscore, ,, Nutriscore Grade A, ,, Triman",United States,,"Belgium, ,, Bulgaria, ,, Czech Republic, ,, France, ,, Germany, ,, Greece, ,, Hungary, ,, Poland, ,, Portugal, ,, Romania, ,, Slovenia, ,, Spain, ,, Switzerland, ,, United Kingdom",shelled almonds,Nuts,"Nuts, Peanuts",1,A,1,D,True,True,yes,high,moderate,low,low,2569.4,620.0,53.3,4.3,4.8,4.8,12.4,24.5,0.01,1e-05,,0.0,-10,2,12,,1,,0,7,5,0
https://world.openfoodfacts.org/product/5010477348678/special-muesli-30-fruits-noix-jordans,5010477348678,Special Muesli 30% fruits & noix – Jordans – 750 g,750 g,"fr:Etui en carton, ,, fr:Sachet en plastique, ,, fr:Sachet en plastique à jeter, ,, fr:Étui en carton à recycler",Jordans,"Plant-based foods and beverages, ,, Plant-based foods, ,, Breakfasts, ,, Cereals and potatoes, ,, Cereals and their products, ,, Breakfast cereals, ,, Cereals with fruits, ,, Mueslis, ,, Mueslis with fruits","Low or no salt, ,, Vegetarian, ,, No artificial flavors, ,, No preservatives, ,, Source of fibre, ,, High fibres, ,, Iron source, ,, Magnesium source, ,, No added salt, ,, No added sugar, ,, No colorings, ,, No palm oil, ,, Nutriscore, ,, Nutriscore Grade A, ,, Phosphore source, ,, Rich in vitamin B1, ,, Triman, ,, fr:Source-de-potassium",Belgium,Royaume-Uni,"Belgium, ,, France, ,, French Polynesia, ,, Germany, ,, Italy, ,, Martinique, ,, Monaco, ,, Réunion, ,, Spain, ,, Switzerland","French: Céréales complètes (59%) (flocons d' avoine , flocons de blé , flocons de blé grillés), fruits secs (30%)  (raisins secs, raisins de sultanine, abricots secs hachés, tranches de pommes séchées, éclats de noix de coco grillés, noix _ noisettes _ hachées grillées, amandes effilées), flocons d' orge , graines de tournesol.","Gluten, Nuts, fr:avoine, fr:avoine","Gluten, Nuts",14,A,1,B,True,True,yes,moderate,moderate,high,low,1523.0,362.0,7.2,2.0,60.0,17.0,8.8,10.0,0.03,0.012,,30.0,0,9,9,4,4,1,0,4,5,0
https://world.openfoodfacts.org/product/3229820782560/muesli-superfruits-raisins-cassis-cranberry-myrtille-bjorg,3229820782560,"Muesli Superfruits Raisins, Cassis, Cranberry, Myrtille – Bjorg – 375g",375g,fr:Sachet plastique à jeter,Bjorg,"Plant-based foods and beverages, ,, Plant-based foods, ,, Breakfasts, ,, Cereals and potatoes, ,, Cereals and their products, ,, Breakfast cereals, ,, Cereals with fruits, ,, Mueslis, ,, Mueslis with fruits","Organic, ,, Certified by Ecocert, ,, EU Organic, ,, Non-EU Agriculture, ,, Source of fibre, ,, DE-ÖKO-001, ,, EU Agriculture, ,, EU/non-EU Agriculture, ,, Green Dot, ,, High fibres, ,, Made in Germany, ,, No added sugar, ,, Nutriscore, ,, Nutriscore Grade A, ,, AB Agriculture Biologique, ,, fr:Entreprise Certifiée B",European Union and Non European Union,Allemagne,"Belgium, ,, France, ,, Martinique, ,, Mexico, ,, Morocco, ,, Réunion, ,, Spain, ,, Switzerland","French: Flocons d'avoine* complète, Raisins secs* 16% (raisins secs*, huile de tournesol*), Flocons de blé* complet, Flocons d'épeautre complet* ( blé ), Flocons de blé, Amandes entières*, Cassis lyophilisés* 1%, Cranberries lyophilisées* 0,6%, Myrtilles lyophilisées* 0,5%. Peut contenir des traces de lait , d'autres fruits à coque , de graines de sésame , de soja . *Ingrédients biologiques.","Gluten, Nuts","Milk, Nuts, Sesame seeds, Soybeans",12,A,3,A,True,True,yes,moderate,low,high,low,1500.0,358.0,6.0,0.857142857142857,60.0,13.0,10.0,12.0,0.04,0.016,,,-2,7,9,4,3,0,0,4,5,0
https://world.openfoodfacts.org/product/6111035001673/ain-atlas-50cl,6111035001673,Aïn Atlas 50cl – 50cl,50cl,Plastic,Aïn Atlas,"Beverages and beverages preparations, ,, Beverages, ,, Waters, ,, Spring waters, ,, Mineral waters",Aïn Atlas,"Bassin oulmès, ,, Source Hammou Agamgam",,"Morocco, ,, United States",French: eau minerale,,,1,A,1,,True,True,yes,low,low,low,low,0.0,0.0,0.0,0.0,0.0,0.0,0.0,0.0,0.024,0.0096,0.0,,0,0,0,0,0,0,0,0,0,0
https://world.openfoodfacts.org/product/6111251420166/eau-ain-lfrane,6111251420166,"Eau – Aïn lfrane – 1,5 l","1,5 l","Plastic, ,, Bottle",Aïn lfrane,"Beverages and beverages preparations, ,, Beverages, ,, Waters, ,, Spring waters, ,, Mineral waters, ,, Natural mineral waters",Tidy man,,,"Morocco, ,, United States",natural mineral water,,,1,A,1,,True,True,yes,low,low,low,low,0.0,0.0,0.0,0.0,0.0,0.0,,0.0,3e-06,1e-06,,,0,0,0,0,0,0,0,0,0,0
https://world.openfoodfacts.org/product/6111035003523/bahia,6111035003523,BAHIA – 5 litres,5 litres,fr:5 LITRES,BAHIA,"Beverages and beverages preparations, ,, Beverages, ,, Waters, ,, Spring waters, ,, Table waters",,Morocco,,"France, ,, Morocco, ,, United States",French: Eau,,,1,A,1,,True,True,yes,,,,low,,,,,,,,,0.0055,0.0022,,,0,0,0,0,0,0,0,0,0,0
https://world.openfoodfacts.org/product/20005733/walnusskerne-naturbelassen-alesto,20005733,Walnusskerne naturbelassen – Alesto – 400g,400g,"Plastic, ,, Bag",Alesto,"Plant-based foods and beverages, ,, Plant-based foods, ,, Nuts and their products, ,, Nuts, ,, Shelled nuts, ,, Walnuts, ,, Walnut kernels","Low or no salt, ,, Vegetarian, ,, Omega-3, ,, Vegan, ,, High in Omega 3, ,, No added salt, ,, Nutriscore, ,, Nutriscore Grade A, ,, Triman",United States,,"Austria, ,, Belgium, ,, Bulgaria, ,, Croatia, ,, Denmark, ,, France, ,, Germany, ,, Italy, ,, Netherlands, ,, Poland, ,, Portugal, ,, Romania, ,, Serbia, ,, Spain",possible traces of other nuts and peanuts,Nuts,"Nuts, Peanuts",1,A,1,D,True,True,yes,high,high,low,low,2937.5,704.0,69.1,6.8,3.7,3.0,6.8,15.5,0.02,0.008,,0.0,-8,2,10,,0,,0,6,4,0
https://world.openfoodfacts.org/product/20047238/melange-de-fruits-secs-alesto-selection,20047238,Mélange de fruits secs – Alesto Selection – 200unknown,200unknown,"it:2 g/100g/ Acidi grassi Om Diese Verpackung enthält ca 65 Conservare in luogo fresco e asciutto. Da consumarsi preferibilmente entro il fim confezione integra): vedere sotto. Attenzione: la frutta a guscio non è environ 6, ,, it:25% mandorle pelate. Può contenere IT CH Mix di frutta a guscio sgusciata. Ingredienti: 25% noci, ,, it:25% noci di acagiù, ,, it:5 portions de 30 g/Que adatta ai bambini piccoli, ,, it:D-52531 Übach-Palenberg, ,, it:D-74167 Neckarsulm ad/Allemagne/Germania ✪ 0% Ungeöffnet mindestens a de préférence avant le/Dacon in confezione integral r 10% The weight of this p been reduced by 12% 24.12.202 L 3058 02 611 19/05/2023 11:25, ,, it:Hansemann-Str. 1-25, ,, it:Omega-3-Fettsäuren: 2, ,, it:Stiftsbergstr. 1, ,, it:and/Allemagne/Germania Eiweiss/Protéines/Proteine Salz/Sel/Sale étrangers (e.a. des résidus d'écorces). Les valeurs des résidus de corps Erwachsenen (8400 kJ/2000 adulte-type (8400 kJ/2000 kcal adulto medio (8400 kJ/2000 kcal A nutritionnelles indiquées sont soumises aux variations biologiques RI (reference intake) Refere 25% nocciole, ,, it:ecc.). Confezione: 7 (Plastica). Raccolta differenziata. Verifica le izioni del tuo Comune. gewicht:/ net/Peso netto: di cui acidi grassi saturi gras saturés/ Kohlenhydrate/Glucides/ Carboidrati davon Zucker/dont suc di cui zuccheri Ballaststoffe/Fibres alime Fibre Prodotto per: Lidl Stiftung & Co. KG, ,, it:macadamia) et d'arachides. Conditionné sous atmosphère protectrice. A conserver à l'abri de la chaleur et de l'humidité. Non ouvert, ,, it:noci del Brasile, ,, it:noci macadamia) e arachidi. Confezionato in atmosfera protettiva. tracce di altra frutta a guscio (noci di pecan, ,, it:noix de contenir des traces pisettes, ,, it:noix du Brésil, ,, it:pecan, ,, it:pistacchi, ,, it:pistaches, ,, it:rischio di soffocamento. Poiché si tratta di un prodotto naturale e nonostante una lavorazione accurata non si garantisce la mpleta eliminazione di noccioli e corpi estranei (frammenti di noccioli, ,, it:à consommer de préférence avant le: voir au-dessous. Attention: la consommation de fruits à coque est déconseillée aux jeunes enfants en raison des risques d'étouffement. Ce produit est un produit naturel. En dépit des contrôles 25% 200 ge von:/Produit par:/Prodotto da: Solent GmbH & Co. KG",Alesto Selection,"Plant-based foods and beverages, ,, Plant-based foods, ,, Nuts and their products, ,, Nuts, ,, Almonds, ,, Hazelnuts, ,, Shelled nuts, ,, Cashew nuts, ,, Shelled almonds, ,, Unsalted nuts, ,, Blanched almonds, ,, Unroasted almonds, ,, Unsalted almonds, ,, Unsalted cashews, ,, Walnuts, ,, Whole almonds, ,, Mixed nuts, ,, Unshelled hazelnuts, ,, Walnut kernels, ,, de:Blanch","Vegetarian, ,, Omega-3, ,, Source of proteins, ,, Vegan, ,, Nutriscore, ,, Nutriscore Grade A, ,, Source of omega-3, ,, V-Label International, ,, V-Label International Vegan",bg:Europäische Union und Nicht-Europäische Union,Alemania,"Belgium, ,, Bulgaria, ,, Croatia, ,, Czech Republic, ,, France, ,, Germany, ,, Hungary, ,, Italy, ,, Poland, ,, Romania, ,, Serbia, ,, Spain, ,, Sweden, ,, Switzerland, ,, United Kingdom","25% Walnusskerne, 25% Haselnusskerne, 25% Cashewkerne, 25% blanchierte Mandeln.",Nuts,"Nuts, Peanuts",4,A,1,D,True,True,yes,high,high,low,low,2669.6,599.0,58.0,6.4,6.4,4.2,8.5,20.4,0.01,0.0,,0.0,-9,3,12,,1,,0,7,5,0
https://world.openfoodfacts.org/product/6111035003004/oulmes-eau-gazeuse,6111035003004,Oulmes Eau Gazeuse – 50cl,50cl,,Oulmès,"Beverages and beverages preparations, ,, Beverages, ,, Carbonated drinks, ,, Waters, ,, Spring waters, ,, Carbonated waters, ,, Mineral waters, ,, Carbonated mineral waters",,,Marrakech,"Morocco, ,, United States",French: oulmes eau gazeuse.                                      oulmes eau.                                                       oulmes.                                                                eau drink.,,,4,A,,,False,True,yes,low,low,low,low,0.0,0.0,0.0,0.0,0.0,0.0,0.0,0.0,0.078375,0.03135,,0.0,0,0,0,0,0,0,0,0,0,0
https://world.openfoodfacts.org/product/5010029000023/weetabix-original,5010029000023,Weetabix Original – 430g,430g,Cardboard,Weetabix,"Plant-based foods and beverages, ,, Plant-based foods, ,, Breakfasts, ,, Cereals and potatoes, ,, Cereals and their products, ,, Breakfast cereals, ,, Breakfast cereals rich in fibre, ,, fr:Weetabix","Low or no fat, ,, Low or no sugar, ,, Vegetarian, ,, Low fat, ,, Low sugar, ,, Source of fibre, ,, Vegan, ,, Green Dot, ,, High fibres, ,, Nutriscore, ,, Nutriscore Grade A, ,, Triman, ,, fr:Contient de l'acide folique",,"Burton Latimer, ,, Kettering, ,, Northants, ,, England, ,, United Kingdom","Belgium, ,, France, ,, Germany, ,, Hong Kong, ,, Japan, ,, Luxembourg, ,, Morocco, ,, Netherlands, ,, Réunion, ,, Spain, ,, Switzerland, ,, Taiwan, ,, United Kingdom, ,, United States","Whole wheat (95%), malted barley extract , sugar, salt, niacin, iron, riboflavin (b2), thiamin (b1), folic acid.",Gluten,,10,A,3,C,True,True,yes,low,low,low,low,1538.31,194.0,2.13,0.533,69.1,0.0,10.1,12.0,0.26,0.104,,0.0,-3,6,9,4,1,0,1,4,5,0
https://world.openfoodfacts.org/product/8002270014901/s-pellegrino-water-nestle,8002270014901,S. Pellegrino Water – Nestlé – 1 L,1 L,"1 Bouchon en plastique, ,, 1 Bouteille en plastique de 1L (30% de plastique recyclé), ,, 1 étiquette en papier, ,, Hdpe-cap, ,, Pet-bottle, ,, it:bottiglia pet","Nestlé, ,, Nestlé Waters, ,, San Pellegrino","Beverages and beverages preparations, ,, Beverages, ,, Carbonated drinks, ,, Waters, ,, Spring waters, ,, Mineral waters, ,, Carbonated waters, ,, Natural mineral waters, ,, Carbonated mineral waters, ,, Carbonated natural mineral waters, ,, Boissons-sans-sucre-ajoute","Vegetarian, ,, Vegan, ,, Nutriscore, ,, Nutriscore Grade A, ,, Triman",Italy,Italia,"Belgium, ,, France, ,, Italy, ,, Luxembourg, ,, Netherlands, ,, Switzerland",carbonated water 100%,,,1,A,1,,True,True,yes,low,low,low,low,0.0001,0.0,0.0,0.0,0.0,0.0,0.0,0.0,0.0,0.0,,0.0,0,0,0,0,0,0,0,0,0,0
https://world.openfoodfacts.org/product/7300400481571/wasa-barilla,7300400481571,wasa – Barilla – 270 g,270 g,Paper,"Barilla, ,, Wasa","Plant-based foods and beverages, ,, Plant-based foods, ,, Snacks, ,, Cereals and potatoes, ,, Salty snacks, ,, Appetizers, ,, Cereals and their products, ,, Chips and fries, ,, Crisps, ,, Breads, ,, Crispbreads, ,, Crispbreads (wholemeal)","Vegetarian, ,, Triman, ,, fr:Co2-compensated",Non indiqué,Allemagne,"France, ,, Guadeloupe, ,, Italy, ,, Switzerland","Farine complète de SEIGLE (110 g*), sel.",Gluten,"Lupin, Milk, Mustard, Sesame seeds, Soybeans",2,A,3,,True,True,yes,low,low,low,moderate,1423.0,338.0,1.5,0.3,62.0,2.0,20.0,9.0,1.0,0.4,0.0,0.0,0,8,8,4,0,0,4,3,5,0
https://world.openfoodfacts.org/product/3068320123264/la-salvetat-danone,3068320123264,"La salvetat – Danone – 1,15 L","1,15 L","Plastic, ,, Bottle","Danone, ,, La Salvetat","Beverages and beverages preparations, ,, Beverages, ,, Carbonated drinks, ,, Waters, ,, Spring waters, ,, Mineral waters, ,, Carbonated waters, ,, Natural mineral waters, ,, Carbonated mineral waters, ,, Carbonated natural mineral waters","fr:Sud de France, ,, Triman","France, ,, Haut-Languedoc",France,France,spring water,,,2,A,4,,True,True,yes,low,low,low,low,0.0,0.0,0.0,0.0,0.0,0.0,0.0,0.0,0.00125,0.0005,,,0,0,0,0,0,0,0,0,0,0
https://world.openfoodfacts.org/product/4056489620938/beurre-de-cacahuetes-100-cacahuetes-maribel,4056489620938,Beurre de cacahuètes 100% cacahuètes – Maribel – 500 g,500 g,"Plastic, ,, Pet-polyethylene-terephthalate, ,, Pp-polypropylene","Lidl, ,, Maribel","Plant-based foods and beverages, ,, Plant-based foods, ,, Legumes and their products, ,, Spreads, ,, Nuts and their products, ,, Plant-based spreads, ,, Oilseed purees, ,, Legume butters, ,, Nut butters, ,, Peanut butters",Nutriscore,,,"Bulgaria, ,, Croatia, ,, France, ,, Germany, ,, Morocco, ,, Spain",French: 100% cacahuètes grillées. Traces éventuelles de soja .,Peanuts,Soybeans,1,A,1,D,True,True,yes,high,high,low,low,2833.1,683.0,55.1,12.0,12.0,3.9,9.2,30.4,0.03,0.012,,0.0,-6,6,12,,1,,0,7,5,0
https://world.openfoodfacts.org/product/3228857002245/american-sandwich-rustique-seigle-et-graines-harrys,3228857002245,American Sandwich Rustique Seigle et Graines – Harrys – 500 g,500 g,,Harrys,"Plant-based foods and beverages, ,, Plant-based foods, ,, Cereals and potatoes, ,, Cereals and their products, ,, Breads, ,, Sliced breads","Vegetarian, ,, Source of fibre, ,, High fibres, ,, Made in France, ,, No added sugar, ,, No additives, ,, No palm oil, ,, Nutriscore, ,, Nutriscore Grade A, ,, fr:Blé français, ,, Triman",,,"Belgium, ,, France, ,, Luxembourg","French: Farine de BLÉ 48,9%, eau, farine complète de SEIGLE 5,1%, graines de lin doré 5,1%, graines de tournesol 5,1%, huile de colza, farine d' ORGE maltée torréfiée 3,1%, gluten de BLÉ , fibre de chicorée, arôme (contient alcool), levure, sel, vinaigre, levure désactivée, extrait d'acérola. Peut contenir des traces d' OEUFS , SOJA , LAIT , FRUITS À COQUE , GRAINES DE SÉSAME et LUPIN .",Gluten,"Eggs, Lupin, Milk, Nuts, Sesame seeds, Soybeans",15,A,4,A,True,True,maybe,moderate,low,low,moderate,1233.0,293.0,8.0,0.8,40.0,3.0,8.7,11.0,1.0,0.4,,2.05,-2,7,9,3,0,0,4,4,5,0
https://world.openfoodfacts.org/product/3229820769165/muesli-avoine-chocolat-bio-bjorg,3229820769165,Muesli avoine chocolat bio – Bjorg – 375 g,375 g,"Plastic, ,, Bag, ,, Dry, ,, fr:Sachet en plastique",Bjorg,"Plant-based foods and beverages, ,, Plant-based foods, ,, Breakfasts, ,, Cereals and potatoes, ,, Cereals and their products, ,, Breakfast cereals, ,, Chocolate cereals, ,, Mueslis, ,, Mueslis with chocolate","Organic, ,, EU Organic, ,, Non-EU Agriculture, ,, Certified B Corporation, ,, DE-ÖKO-001, ,, EU Agriculture, ,, EU/non-EU Agriculture, ,, Green Dot, ,, Made in Germany, ,, Planet-Score, ,, AB Agriculture Biologique, ,, fr:Planet-score-b",European Union and Non European Union,Allemagne,"Belgium, ,, France, ,, Morocco, ,, Réunion, ,, Spain, ,, Switzerland","whole oatmeal 45%, crispy oatmeal - 33% (whole oats - 26%, honey), chocolate corn petals 7% [corn petals, raw cane sugar, sea salt, butt malt, raw cane sugar, cocoa butter, cocoa paste, whole milk powder, coating agent: gum arabic], chocolate 7% (cocoa paste, raw cane sugar) , cocoa butter), whole spelt flakes ( wheat ) 5%, cocoa cents 3% ( wheat flour ,  raw cane sugar, oatmeal, lean cocoa powder, barley malt flour ), 
organic ingredients","Gluten, Milk","Nuts, Sesame seeds, Soybeans",28,A,4,A,True,True,no,moderate,moderate,moderate,low,1619.0,387.0,8.8,3.3,60.0,8.2,10.0,12.0,0.1,0.04,,,0,9,9,4,2,3,0,4,5,0
https://world.openfoodfacts.org/product/3057640257773/vivik-natural-mineral-water-volvic,3057640257773,"vivik Natural Mineral Water – Volvic – 1,5 L","1,5 L","Bouteille, ,, Bouteille ou Flacon, ,, Plastikflasche, ,, Plastique",Volvic,"Beverages and beverages preparations, ,, Beverages, ,, Waters, ,, Spring waters, ,, Mineral waters, ,, Unsweetened beverages, ,, Natural mineral waters, ,, fr:getränke, ,, fr:natürliches-mineralwasser","Carbon compensated product, ,, Carbon Trust, ,, Carbon Trust Carbon Neutral, ,, Certified B Corporation, ,, Triman, ,, B-corporation-certification","France, ,, Auvergne",,"Belgium, ,, France, ,, Germany, ,, Luxembourg, ,, Switzerland",EAU MINÉRALE NATURELLE,,,1,A,1,,True,True,yes,low,low,low,low,0.0,0.0,0.0,0.0,0.0,0.0,0.0,0.0,0.003,0.0012,,,0,0,0,0,0,0,0,0,0,0
https://world.openfoodfacts.org/product/3228857001378/brioche-tranchee-moins-de-sucres-harry-s,3228857001378,Brioche Tranchée moins de sucres – Harry's – 485 g,485 g,"Envelope, ,, fr:Sachet en plastique",Harry's,"Plant-based foods and beverages, ,, Plant-based foods, ,, Snacks, ,, Cereals and potatoes, ,, Sweet snacks, ,, Cereals and their products, ,, Sweet pastries and pies, ,, Breads, ,, Viennoiseries, ,, Brioches, ,, fr:Brioches tranchées, ,, fr:Brioches natures","Low or no sugar, ,, Low sugar, ,, Reduced sugar, ,, 30% less sugar, ,, Made in France, ,, No additives, ,, No palm oil, ,, Nutriscore, ,, Nutriscore Grade B, ,, Triman",Fabriqué en France. Filière blé rançaise,France,France,"French: Farine de BLÉ 52,5%, eau, OEUFS frais 9%, huile de colza, sucre 8,5%, arôme (contient alcool), fibres ( BLÉ , AVOINE), gluten de BLÉ , levure, sel, extraits végétaux à pouvoir colorant (curcuma, paprika), extrait d'acérola. Peut contenir des traces de LAIT , SOJA , FRUITS A COQUE , GRAINES DE SÉSAME .","Eggs, Gluten","Milk, Nuts, Sesame seeds, Soybeans",16,A,4,C,True,,no,moderate,low,moderate,moderate,1354.0,322.0,10.0,0.9,46.0,9.3,7.2,8.5,1.0,0.4,,,0,0,0,0,0,0,0,0,0,0
https://world.openfoodfacts.org/product/3760049790252/pain-de-mie-grandes-tranches-toastiligne-complet-la-boulangere,3760049790252,Pain de mie grandes tranches Toastiligne complet – la boulangère – 500 g,500 g,"Plastic, ,, fr:12tranches",la boulangère,"Plant-based foods and beverages, ,, Plant-based foods, ,, Cereals and potatoes, ,, Breads, ,, Sliced breads, ,, Packaged breads, ,, Wholemeal breads, ,, Wholemeal sliced breads","Low or no fat, ,, Vegetarian, ,, Fair trade, ,, No added fat, ,, No added sugar, ,, Nutriscore, ,, Nutriscore Grade A, ,, Agri-Éthique France","fr:Blé de Vendée, ,, fr:Farine de blé issue du commerce équitable français","Vendée, ,, Pays de la Loire, ,, France",France,"whole wheat flour, water, wheat gluten, yeast, salt, wheat flour , vinegar, calcium propionate preservative, mono - and diglycerides emulsifier (of plant origin), ascorbic acid, fair trade ingredients",Gluten,"Mustard, Sesame seeds, Soybeans",13,A,4,A,,True,yes,low,low,low,moderate,953.0,226.0,1.9,0.9,39.0,2.8,6.2,10.0,0.98,0.392,,0.0,-1,6,7,2,0,0,4,4,3,0
https://world.openfoodfacts.org/product/3760049798869/pain-de-mie-bio-grandes-tranches-complet-sans-sucres-ajoutes-500g-la-boulangere,3760049798869,Pain de mie Bio grandes tranches complet sans sucres ajoutés 500g – La Boulangère – 500 g,500 g,,La Boulangère,"Plant-based foods and beverages, ,, Plant-based foods, ,, Cereals and potatoes, ,, Breads, ,, Sliced breads, ,, Wholemeal breads, ,, Wholemeal sliced breads","Fair trade, ,, Organic, ,, EU Organic, ,, 1% for the planet, ,, Made in France, ,, No added sugar, ,, No palm oil, ,, Nutriscore, ,, Nutriscore Grade A, ,, AB Agriculture Biologique, ,, Agri-Éthique France, ,, fr:Farine de blé français, ,, Triman, ,, fr:Électricité verte Origine France","Farine de blé bio issu du commerce équitable français (à proximité des sites de production en Vendée), huile de tournesol bio français.","France, ,, Vendée","France, ,, Switzerland","French: Farine complète de BLÉ */** 59%, eau, GLUTEN DE BLÉ *, huile de tournesol*, levure, arôme naturel d'AVOINE*(contient alcool*), sel, vinaigre*, farine de BLÉ */**0,3%, levure désactivée, antioxydant : acide ascorbique. Traces éventuelles de soja . *Ingrédients issus de l'Agriculture Biologique. **Ingrédients issus du commerce équitable français.",Gluten,Soybeans,14,A,4,A,True,True,yes,moderate,low,low,moderate,1060.0,252.0,5.1,0.5,38.0,1.9,6.9,10.0,0.99,0.396,,0.0,-1,7,8,3,0,0,4,4,4,0
https://world.openfoodfacts.org/product/3168930009078/flocons-d-avoine-complete-quaker,3168930009078,Flocons d'avoine complète – Quaker – 550 g,550 g,"Box, ,, Cardboard, ,, Packet, ,, Green dot, ,, Triman, ,, fr:Boîte de carton, ,, fr:Etui en carton, ,, fr:Pensez au tri!",Quaker,"Plant-based foods and beverages, ,, Plant-based foods, ,, Breakfasts, ,, Cereals and potatoes, ,, Cereals and their products, ,, Breakfast cereals, ,, Flakes, ,, Cereal flakes, ,, Rolled flakes, ,, Rolled oats","No preservatives, ,, Source of fibre, ,, 100% natural, ,, High fibres, ,, No added sugar, ,, Nutriscore, ,, Nutriscore Grade A, ,, Triman",Unspecified,,"Belgium, ,, France, ,, Réunion, ,, Spain, ,, Switzerland, ,, United Kingdom",100 % oats,,Gluten,1,A,1,A,True,True,yes,moderate,moderate,low,low,1570.0,375.0,8.0,1.5,60.0,1.1,9.0,11.0,0.01,0.004,,,-4,5,9,4,0,1,0,4,5,0
https://world.openfoodfacts.org/product/3760020508012/buckwheat-crispbreads-jardin-bio-etic,3760020508012,Buckwheat crispbreads – Jardin BIO étic – 150 g,150 g,"Plastic, ,, Bag, ,, Sleeve, ,, fr:Conteneur, ,, fr:Etui en carton, ,, fr:Green dot, ,, fr:Pensez au tri!, ,, fr:Sachets plastique à jeter, ,, fr:Étui carton à recycler",Jardin Bio étic,"Plant-based foods and beverages, ,, Plant-based foods, ,, Snacks, ,, Cereals and potatoes, ,, Specific products, ,, Products for specific diets, ,, Products without gluten, ,, Extruded crispbreads","No gluten, ,, Organic, ,, Crossed Grain Trademark, ,, EU Organic, ,, 1% for the planet, ,, DZG Gluten free, ,, EU Agriculture, ,, FR-BIO-01, ,, Green Dot, ,, Made in France, ,, No added sugar, ,, No palm oil, ,, Nutriscore, ,, Nutriscore Grade A, ,, AB Agriculture Biologique, ,, Triman",European Union and Non European Union,France,"Belgium, ,, France, ,, Réunion, ,, Switzerland","buckwheat flour* 80%, rice flour*, sea salt",,,3,A,3,A,True,True,yes,low,low,low,moderate,1532.0,362.0,2.3,0.7,72.0,0.0,4.5,11.0,0.57,0.228,,,0,6,6,4,0,0,2,4,2,0
https://world.openfoodfacts.org/product/5411188119098/plain-with-coconut-alpro,5411188119098,"Plain with Coconut – alpro – 0,5 kg","0,5 kg","Plastic, ,, Cardboard, ,, PP 5 - Polypropylene, ,, Paperboard, ,, de:1 Becher aus Plastik, ,, de:1 Deckel aus Kunststoff, ,, de:1 Folie aus Aluminium, ,, de:1 Hülle  aus Pappe",Alpro,"Plant-based foods and beverages, ,, Fermented foods, ,, Dairy substitutes, ,, Desserts, ,, Vegan products, ,, Non-dairy desserts, ,, Non-dairy fermented foods, ,, Non-dairy yogurts, ,, Soy milk yogurts","Low or no fat, ,, Low or no sugar, ,, Vegetarian, ,, Low fat, ,, Low sugar, ,, No gluten, ,, No milk, ,, Source of proteins, ,, Vegan, ,, 100% vegetable, ,, Calcium source, ,, European Vegetarian Union, ,, European Vegetarian Union Vegan, ,, Green Dot, ,, High proteins, ,, No lactose, ,, Nutriscore, ,, Nutriscore Grade B, ,, ProTerra, ,, Rich in vegetable protein, ,, Triman",,,"Andorra, ,, Austria, ,, Belgium, ,, Finland, ,, France, ,, Germany, ,, Italy, ,, Portugal, ,, Spain, ,, Switzerland, ,, United Kingdom","Soya base (Water, Hulled soya beans (10.4%)), Coconut milk (4.3%) (Coconut cream, Water), Sugar, Calcium (Tri-calciumcitrate), Acidity regulators (Sodium citrates, Citric acid), Stabiliser (Pectins), Natural flavouring, Sea salt, Antioxidants (Tocopherol-rich extract, Fatty acid esters of ascorbic acid), Vitamins (B12, D2), Yogurt cultures (S. thermophilus, L. bulgaricus).","Soybeans, de:sojabasis",Nuts,26,A,4,A,,True,yes,low,low,low,low,224.0,54.0,2.8,1.0,2.4,0.0,0.9,3.9,0.22,0.088,,,0,1,1,0,0,0,1,1,0,0
https://world.openfoodfacts.org/product/20003166/flocons-d-avoine-crownfield,20003166,Flocons d'Avoine – Crownfield – 500g,500g,"Paper, ,, Bag",Crownfield,"Plant-based foods and beverages, ,, Plant-based foods, ,, Breakfasts, ,, Cereals and potatoes, ,, Cereals and their products, ,, Breakfast cereals, ,, Flakes, ,, Cereal flakes, ,, Extruded flakes, ,, Rolled flakes, ,, Rolled oats, ,, ro:Cereale","German Agricultural Society, ,, Gold medal of the German Agricultural Society, ,, Source of fibre, ,, 2014 Gold medal of the German Agricultural Society, ,, Green Dot, ,, High fibres, ,, Nutriscore, ,, Nutriscore Grade A, ,, Triman, ,, Verified, ,, es:recicla-azul, ,, fr:medaille-d-or-de-la-societe",European Union,Germania,"Belgium, ,, France, ,, Germany, ,, Italy, ,, Netherlands, ,, Spain",100 % wholemeal oat flakes,Gluten,Gluten,1,A,1,A,True,True,yes,moderate,low,low,low,1566.4,372.0,7.0,1.3,58.7,0.0,10.0,13.5,0.03,0.012,,0.0,-5,5,10,4,0,1,0,5,5,0
https://world.openfoodfacts.org/product/3175681257542/cranberry-saveur-amande-gerble,3175681257542,Cranberry saveur amande – Gerblé – 132 g (4 × 3 biscuits),132 g (4 × 3 biscuits),"Plastic, ,, Cardboard, ,, Pack, ,, fr:Etui en carton, ,, fr:Film en plastique",Gerblé,"Snacks, ,, Sweet snacks, ,, Biscuits and cakes, ,, Biscuits","Organic, ,, EU Organic, ,, Non-EU Agriculture, ,, EU Agriculture, ,, EU/non-EU Agriculture, ,, FR-BIO-10, ,, Made in France, ,, No palm oil, ,, Nutriscore, ,, Nutriscore Grade B, ,, AB Agriculture Biologique, ,, Triman",Canada,Canada,"France, ,, Réunion","French: Farine de blé* 68%, huile de tournesol oléique*, sucre de canne*, cranberries 5,3%, son de blé , poudres à lever (acide citrique, carbonates de sodium), arôme naturel de framboise, arôme naturel d'amande amère (issu d'amandons d'abricots). *Ingrédients issus de l'agriculture biologique.",Gluten,En-eggs-en-lupin-en-milk-en-nuts-en-sesame-seeds-en-soybeans,11,A,4,B,True,True,yes,low,low,low,low,201.0,48.0,1.5,0.2,7.5,1.8,0.6,0.8,0.02,0.008,,,0,0,0,0,0,0,0,0,0,0
https://world.openfoodfacts.org/product/6111248360130/ain-soltane-%D8%B3%D9%84%D8%B7%D8%A7%D9%86,6111248360130,Aïn Soltane – سلطان – 33 cl,33 cl,,سلطان,"Beverages and beverages preparations, ,, Plant-based foods and beverages, ,, Beverages, ,, Plant-based foods, ,, Fruits and vegetables based foods, ,, Fruits based foods, ,, Fruits, ,, Waters, ,, Spring waters, ,, Mineral waters, ,, Unsweetened beverages, ,, Natural mineral waters, ,, Non-carbonated natural mineral waters",,,,"France, ,, Morocco",French: Minéralisation en mg/t كالسيوم بيكربونات صوديوم كلورير نترات بوتاسيوم سلفات Magnésium 44 Calcium 70-> Bicarbonates 402 • Sodium 4 Chlorures 7.1 Nitrates 16 Potassium 1 Sulfates 3.7,,,3,A,,,False,True,yes,low,low,low,low,0.0,0.0,0.0,0.0,0.0,0.0,,0.0,0.0,0.0,,,0,0,0,0,0,0,0,0,0,0
https://world.openfoodfacts.org/product/3228857002221/american-sandwich-harrys,3228857002221,American Sandwich – Harrys – 550 g,550 g,,Harrys,"Plant-based foods and beverages, ,, Plant-based foods, ,, Cereals and potatoes, ,, Frozen foods, ,, Cereals and their products, ,, Breads, ,, Sliced breads, ,, Frozen breads, ,, Multigrain sliced breads","Vegetarian, ,, Source of fibre, ,, Vegan, ,, High fibres, ,, No added sugar, ,, No palm oil, ,, Nutriscore, ,, Nutriscore Grade A, ,, Triman",,,France,"French: Farine semi complète de BLÉ 34,6%, eau, farine de BLÉ 16,2%, farine de SEIGLE 7,5%, huile de colza, graines de tournesol 2,7%, fibre de chicorée, graines de lin brun 1,4%, graines de SOJA toastées 1,4%, gluten de BLÉ , arôme (contient alcool), farine d'AVOINE 1,3%, farine de riz 1,3%, farine d' ORGE 1,3%, sel, levure, vinaigre, levure désactivée, extrait d'acérola. Peut contenir des traces d' OEUF , LAIT , FRUITS A COQUE et GRAINES DE SÉSAME .","Gluten, Soybeans","Eggs, Milk, Nuts, Sesame seeds",19,A,4,A,True,True,yes,moderate,low,low,moderate,1168.0,278.0,6.5,0.6,42.0,0.0,7.6,9.0,1.0,0.4,,3.5875,0,8,8,3,1,0,4,3,5,0
https://world.openfoodfacts.org/product/5449000206770/eau-de-table-ciel,5449000206770,Eau de table – Ciel – 5L,5L,Plastic,Ciel,"Beverages and beverages preparations, ,, Beverages, ,, Waters, ,, Spring waters, ,, Table waters",,Morocco,,"France, ,, Morocco, ,, United States",French: Eau de Table,,Nuts,1,A,,,False,True,yes,low,low,low,low,,,0.0,0.0,0.0,0.0,0.0,0.0,0.00625,0.0025,0.0,,0,0,0,0,0,0,0,0,0,0
https://world.openfoodfacts.org/product/6111003031107/10dh,6111003031107,10dh – 125,125,,10dh,"Seafood, ,, Fishes and their products, ,, Fishes, ,, Fatty fishes, ,, Fish fillets, ,, Mackerels, ,, Mackerel fillets",,,,"Morocco, ,, United States","French: Maquereaux , huile végétale, sel. F",Fish,,4,A,3,,,False,no,moderate,moderate,low,moderate,753.0,180.0,6.4,1.5,0.6,0.16,,30.1,0.5,0.2,,,-2,5,7,2,0,1,2,7,0,0
https://world.openfoodfacts.org/product/3021769505602/pom-potes-compotes-gourdes-pomme-nature-1x90g-materne,3021769505602,POM'POTES Compotes Gourdes Pomme Nature 1x90g – Materne – 90 g,90 g,"Plastic, ,, Doypack-with-cap, ,, Dry, ,, Pouch flask","Materne, ,, POM'POTES, ,, Sans sucres ajoutés","Plant-based foods and beverages, ,, Plant-based foods, ,, Fruits and vegetables based foods, ,, Desserts, ,, Fruits based foods, ,, Compotes, ,, Apple compotes, ,, Applesauces, ,, Compotes to drink, ,, Fruits desserts, ,, fr:Compotes sans sucres","No gluten, ,, No artificial flavors, ,, No preservatives, ,, Source of fibre, ,, Apples from France, ,, Green Dot, ,, Made in France, ,, Natural flavors, ,, No added sugar, ,, No colorings, ,, Nutriscore, ,, Nutriscore Grade A, ,, fr:Origine France, ,, Triman",France,"France, ,, Aisne","France, ,, Morocco, ,, Switzerland","French: Pomme 99,7% (purée et purée concentrée), arôme naturel de pomme, jus de citron concentré (si nécessaire pour réguler l'acidité), antioxydant : acide ascorbique.",,,7,A,4,A,True,True,yes,low,low,moderate,low,257.0,61.0,0.6,0.2,13.0,11.0,1.2,0.5,0.01,0.004,,,-2,3,5,0,3,0,0,0,0,5
https://world.openfoodfacts.org/product/6111271800054/%D8%A7%D9%84%D8%B9%D9%8A%D9%86-idna,6111271800054,العين – idna – 8L,8L,,idna,"Beverages and beverages preparations, ,, Beverages, ,, Waters, ,, Spring waters",,,,"Morocco, ,, United States",Arabic: AT FRATIVE leb BLAD انظر re expir sachet 10 الصلاحية: يحفظ في 6°C على Polderver à 6°C Max مئت Maroc ) الرقم الإقتصادي أيت إيعزة pag.ma 0801 000 111 6 111242 100022,,,2,A,,,False,True,yes,,,,low,,,,,,,,,0.03575,0.0143,,,0,0,0,0,0,0,0,0,0,0
https://world.openfoodfacts.org/product/6111035502941/eau-minerale-naturelle-gazeuse-les-eaux-minerales-d-oulmes,6111035502941,Eau minérale naturelle gazeuse – les Eaux Minérales d’Oulmes,,,les Eaux Minérales d’Oulmes,"Beverages and beverages preparations, ,, Beverages, ,, Carbonated drinks, ,, Waters, ,, Spring waters, ,, Mineral waters, ,, Carbonated waters, ,, Natural mineral waters, ,, Carbonated mineral waters",,,,Morocco,French: eau minérale naturelle,,,1,A,1,,True,True,yes,low,low,low,low,0.0,0.0,0.0,0.0,0.0,0.0,0.0,0.0,0.0076,,,0.0,0,0,0,0,0,0,0,0,0,0
https://world.openfoodfacts.org/product/3229820019192/pain-complet-3-cereales-bjorg,3229820019192,Pain complet 3 céréales – Bjorg – 500 g,500 g,"Plastic, ,, Bag, ,, fr:Sachet en plastique",Bjorg,"Plant-based foods and beverages, ,, Plant-based foods, ,, Cereals and potatoes, ,, Cereals and their products, ,, Breads, ,, Wholemeal breads, ,, fr:Pain complet 3 céréales","Organic, ,, EU Organic, ,, Non-EU Agriculture, ,, Source of fibre, ,, Certified B Corporation, ,, DE-ÖKO-001, ,, EU Agriculture, ,, EU/non-EU Agriculture, ,, FR-BIO-01, ,, Green Dot, ,, High fibres, ,, Made in Germany, ,, Phosphore source, ,, Planet-Score, ,, Planet-Score Grade A, ,, AB Agriculture Biologique, ,, Triman",Fabriqué en Allemagne.,Allemagne,"France, ,, Switzerland","French: Eau, grains de seigle entiers* 40%, farine de seigle complète* 7,2%, flocons d' avoine * 3%, flocons d' orge * 3%, graines de lin*, sel marin, graines de sésame *, levure. Peut contenir des traces de fruits à coque , de soja . *Ingrédients biologiques.","Gluten, Sesame seeds, fr:avoine, fr:avoine","Nuts, Soybeans",9,A,3,A,True,True,yes,low,low,low,moderate,824.0,196.0,2.9,0.4,32.0,2.0,11.0,5.0,1.1,0.44,,0.0,0,7,7,2,0,0,5,2,5,0
https://world.openfoodfacts.org/product/3095757697105/blanc-de-poulet-25-de-sel-fleury-michon,3095757697105,Blanc de Poulet  - 25% de Sel* – Fleury Michon – 160 g,160 g,"Fresh, ,, Packet, ,, fr:Blister plastique",Fleury Michon,"Meats and their products, ,, Prepared meats, ,, Chicken and its products, ,, Prepared poultry meats, ,, fr:Charcuteries cuites, ,, Poultry hams, ,, Prepared chicken meats, ,, Cooked chicken breast slices","Low or no salt, ,, Low salt, ,, No gluten, ,, Reduced salt, ,, 25% less salt, ,, Nutriscore, ,, Nutriscore Grade B, ,, fr:100% filet, ,, fr:Alimentation minérale & végétale, ,, fr:Alimentation végétale minérale et vitamines",,Frankreich,France,"chicken fillet 94%, broths (water, celery , aromatic plants, onion, spices, sunflower oil), salt, concentrated celery juice, corn dextrose, ferments, antioxidant: sodium ascorbate, dye: plain caramel",Celery,,16,A,4,,True,False,no,low,low,low,moderate,439.8,103.0,1.9,0.5,0.5,0.5,0.5,21.0,1.4,0.56,,2.1375,0,7,7,1,0,0,6,7,0,0
https://world.openfoodfacts.org/product/3760049798845/pain-de-mie-avoine-graines-x-14-tranches-la-boulangere,3760049798845,Pain de mie Avoine & Graines x 14 tranches – La BOULANGÈRE – 500 g,500 g,"Plastic, ,, fr:Film en plastique",La BOULANGÈRE,"Plant-based foods and beverages, ,, Plant-based foods, ,, Cereals and potatoes, ,, Breads, ,, Sliced breads, ,, Multigrain sliced breads, ,, fr:Pain de mie à la farine d'avoine, ,, fr:Pain de mie à la farine de blé","Fair trade, ,, No added sugar, ,, Nutriscore, ,, Nutriscore Grade A, ,, Agri-Éthique France","fr:Blé commerce équitable français, ,, fr:Blé de Vendée",,France,"wheat flour* 34%, water, oat flour 10.5%, brown flaxseed 10.5%, wheat gluten, shelled sunflower seeds 4.4%, yeast, devitalized devitalized rye sourdough starter, salt, blue poppy seeds 0.8%, vinegar, natural flavouring (contains alcohol), preservative: calcium propionate, deactivated yeast, antioxidant: ascorbic acid, possible traces of soya , sesame seeds and mustard ,  *ingredient from french fair trade",Gluten,"Mustard, Sesame seeds, Soybeans",18,A,4,B,True,True,yes,moderate,low,low,moderate,1150.0,274.0,9.1,1.0,33.0,2.2,6.0,12.0,0.93,0.372,0.0,0.0,0,7,7,3,0,0,4,4,3,0
https://world.openfoodfacts.org/product/6111035003509/bahia-eau-de-table,6111035003509,"Bahia, Eau De Table – 1.5 l",1.5 l,,Bahia,"Beverages and beverages preparations, ,, Beverages, ,, Waters, ,, Spring waters, ,, Boissons  Eaux  Eaux de sources  Eaux de table",,,,Morocco,French: eau,,,1,A,1,,True,True,yes,low,low,low,low,0.0,0.0,0.0,0.0,0.0,0.0,,0.0,0.0,0.0,,,0,0,0,0,0,0,0,0,0,0
https://world.openfoodfacts.org/product/8076809513722/basilico-barilla,8076809513722,Basilico – Barilla – 400 g,400 g,"Metal, ,, Glass, ,, Clear Glass, ,, Jar, ,, Steel, ,, fr:Bocal verre, ,, fr:Couvercle métal, ,, fr:Produkt",Barilla,"Condiments, ,, Sauces, ,, Meal sauces, ,, Tomato sauces, ,, Cooking Sauces, ,, Tomato sauces with basil, ,, Food, ,, Groceries","No gluten, ,, Vegetarian, ,, No preservatives, ,, Made in Italy, ,, Triman",Tomates 100% Italie.,Italien,"Albania, ,, Austria, ,, Belgium, ,, Bulgaria, ,, France, ,, Germany, ,, Greece, ,, Italy, ,, Luxembourg, ,, Montenegro, ,, Serbia, ,, Spain, ,, Switzerland","tomato pulp 71%, tomato concentrate 13,5%, onions, sunflower oil, basil 2%, sugar, salt, natural flavor",,,8,A,4,A,True,True,maybe,low,low,moderate,moderate,268.0,64.0,2.6,0.3,7.6,0.0,1.9,1.6,0.9,0.36,,94.1666666666667,0,5,5,0,1,0,4,0,0,5
https://world.openfoodfacts.org/product/3182180001996/biscottes-sans-sucres-ajoutes-ble-complet-pasquier,3182180001996,Biscottes Sans sucres ajoutés Blé complet – Pasquier – 300 g,300 g,"Bag, ,, Cardboard",Pasquier,"Plant-based foods and beverages, ,, Plant-based foods, ,, Cereals and potatoes, ,, Cereals and their products, ,, Breads, ,, Rusks, ,, Toasts, ,, Wholemeal rusks","Source of fibre, ,, High fibres, ,, Made in France, ,, No added sugar, ,, Nutriscore, ,, Nutriscore Grade A",France,France,France,French: Farine de BLÉ complet 58% - Farine de BLÉ 42% - Huile de tournesol - GLUTEN de BLÉ - Levure boulangère - Levain de BLÉ déshydraté - Sel - Agent de traitement de la farine : acide ascorbique.,Gluten,"Eggs, Milk, Nuts, Sesame seeds",9,A,4,A,True,True,maybe,moderate,low,low,moderate,1617.0,384.0,6.2,0.7,62.0,3.4,12.0,14.0,1.1,0.44,,0.0,-1,9,10,4,0,0,5,5,5,0
https://world.openfoodfacts.org/product/3380380047749/tartines-craquantes-au-sarrasin-ekibio,3380380047749,Tartines craquantes au sarrasin – Ekibio – 300 g,300 g,"Plastic, ,, Bag, ,, Container, ,, Sleeve","Ekibio, ,, Le pain des fleurs","Plant-based foods and beverages, ,, Plant-based foods, ,, Snacks, ,, Cereals and potatoes, ,, Extruded crispbreads","Vegetarian, ,, No gluten, ,, Organic, ,, Crossed Grain Trademark, ,, EU Organic, ,, Kosher, ,, Vegan, ,, EU Agriculture, ,, FR-BIO-01, ,, Green Dot, ,, Nutriscore, ,, Nutriscore Grade A, ,, Organized Kashrut Kosher, ,, The Vegan Society, ,, AB Agriculture Biologique, ,, Triman, ,, fr:K",European Union,France,"Belgium, ,, France, ,, Spain, ,, Switzerland","buckwheat flour*, cane sugar* complete (,lt,2%), sea salt - *from organic farming",,,3,A,3,A,True,True,yes,low,low,low,moderate,1613.0,385.0,2.85714285714286,0.0,75.7142857142857,2.85714285714286,4.28571428571429,12.8571428571429,0.671428571428571,0.268571428571429,,,0,7,7,4,0,0,3,5,2,0
https://world.openfoodfacts.org/product/3083681148619/carottes-rapees-bonduelle,3083681148619,Carottes râpées – Bonduelle – 320 g,320 g,Plastic,Bonduelle,"Plant-based foods and beverages, ,, Plant-based foods, ,, Fruits and vegetables based foods, ,, Vegetable-based foods and beverages, ,, Vegetables based foods, ,, Vegetables, ,, Prepared vegetables, ,, Carrots, ,, Grated carrots, ,, Vegetables - Prepared/Processed (Perishable), ,, fr:Crudites","Vegetarian, ,, No preservatives, ,, Vegan, ,, Nutriscore, ,, Nutriscore Grade A, ,, Triman",,France,"Belgium, ,, France, ,, Luxembourg","Carottes 81%, eau, huile de colza, vinaigre d'alcool, sel, sucre jus de citran de Sicile 0,6%. MOUTARDE de Dijon, arome naturel de citron (BLE), amidon de pomme de terre, antioxydant: acide ascorbique, épaississants gomme de xanthane et gomme de guar, purée d'ail, arôme naturel de poivre. Fabriqué dans un atelier utilisant également céleri, œuf, lait, poisson, crustacé soja, fruits à coque. Conditionné sous atmosphère protectrice. A consommer rapidement après ouverture. A conserver entre 0°C et +4°C. Ne pas congeler.. On vous en dit plus sur nos origines Origin' Info VALEURS NUTRITIONNELLES POUR 100 g: Energie 301 kJ/","Celery, Crustaceans, Eggs, Fish, Gluten, Milk, Mustard","Celery, Crustaceans, Eggs, Fish, Milk, Nuts, Soybeans",24,A,4,A,True,True,maybe,moderate,low,low,moderate,301.0,73.0,4.5,0.3,5.5,4.5,3.0,1.0,0.71,0.284,,,-1,4,5,0,1,0,3,0,0,5
https://world.openfoodfacts.org/product/3257971309114/eau-minerale-naturelle-mont-roucous,3257971309114,Eau minérale naturelle – Mont Roucous – 1 L,1 L,"fr:1 Bouteille en plastique à recycler, ,, fr:1 bouchon à recycler",Mont Roucous,"Beverages and beverages preparations, ,, Beverages, ,, Waters, ,, Spring waters, ,, Mineral waters, ,, Natural mineral waters",Triman,France,Mont Roucou,France,French: Eau Minérale,,,1,A,1,,True,True,yes,low,low,low,low,0.0,0.0,0.0,0.0,0.0,0.0,,0.0,0.00075,0.0003,,,0,0,0,0,0,0,0,0,0,0
https://world.openfoodfacts.org/product/3229820794648/galettes-extra-fines-ma%CF%8As-bjorg,3229820794648,GALETTES EXTRA-FINES MAΪS – BJORG – 130g,130g,"Plastic, ,, Bag, ,, fr:Film en plastique",BJORG,"Plant-based foods and beverages, ,, Plant-based foods, ,, Cereals and potatoes, ,, Cereals and their products, ,, Puffed cereal cakes, ,, Puffed corn cakes","No gluten, ,, Organic, ,, EU Organic, ,, Non-EU Agriculture, ,, BE-BIO-02, ,, Certified B Corporation, ,, EU Agriculture, ,, EU/non-EU Agriculture, ,, FR-BIO-01, ,, Made in Belgium, ,, Nutriscore, ,, Nutriscore Grade B, ,, AB Agriculture Biologique",,,"France, ,, Morocco","corn* 99,7%, salt, * organic ingredient",,Sesame seeds,2,A,3,A,True,True,yes,moderate,low,low,moderate,1594.0,381.0,4.0,0.5,74.0,0.0,6.2,9.2,0.3,0.12,,,-1,5,6,4,0,0,1,3,3,0
https://world.openfoodfacts.org/product/6111162000181/joly-thon-entier,6111162000181,Joly Thon Entier,,Canned,Joly,"Seafood, ,, Fishes and their products, ,, Canned foods, ,, Fishes, ,, Fatty fishes, ,, Canned fishes, ,, Tunas, ,, Canned tunas, ,, Tunas in oil, ,, fr:Thons-a-l-huile-vegetale",Organic,,,"France, ,, Morocco","French: Thon , huile végétale, sel.",Fish,,3,A,3,E,,False,no,low,low,low,moderate,732.0,175.0,1.1,0.7,0.97,0.97,0.0,33.0,0.5,0.2,,,-3,4,7,2,0,0,2,7,0,0
https://world.openfoodfacts.org/product/3329770073265/skyr-yoplait,3329770073265,SKYR – Yoplait – 400 g (4 x 100 g),400 g (4 x 100 g),"fr:Etui carton, ,, fr:Etui en carton, ,, fr:Opercule plastique, ,, fr:Pot en plastique, ,, fr:Pot plastique",Yoplait,"Dairies, ,, Fermented foods, ,, Fermented milk products, ,, Desserts, ,, Dairy desserts, ,, Fermented dairy desserts, ,, Fromages blancs - petit suisses and skyr, ,, Plain fermented dairy desserts, ,, Skyrs, ,, Plain skyrs","Low or no fat, ,, Source of proteins, ,, 100% natural, ,, French milk, ,, Green Dot, ,, High proteins, ,, No fat, ,, Nutriscore, ,, Nutriscore Grade A, ,, Triman",France,France,"Belgium, ,, France",French: Yaourt maigre ( LAIT ),Milk,,1,A,1,A,True,True,no,low,low,low,low,245.2,57.0,0.5,0.1,3.6,0.0,0.5,9.5,0.15,0.06,,0.0,-2,1,3,0,1,0,0,3,0,0
https://world.openfoodfacts.org/product/3760049794373/pain-mie-sandwich-bio-complet-sans-sucres-ajoutes-500g-bien,3760049794373,PAIN MIE SANDWICH BIO* COMPLET Sans sucres ajoutés 500G – Bien – 500 g,500 g,"Plastic, ,, Bag",Bien,"Plant-based foods and beverages, ,, Plant-based foods, ,, Cereals and potatoes, ,, Cereals and their products, ,, Breads, ,, Sliced breads, ,, Packaged breads, ,, Wholemeal breads, ,, Wholemeal sliced breads","Fair trade, ,, Organic, ,, Certified by Ecocert, ,, EU Organic, ,, Non-EU Agriculture, ,, EU Agriculture, ,, EU/non-EU Agriculture, ,, FR-BIO-01, ,, Made in France, ,, No added sugar, ,, AB Agriculture Biologique, ,, Agri-Éthique France, ,, fr:Farine de blé français, ,, Triman, ,, fr:Agriéthique France, ,, fr:Frbio01",fabriqué en France. farine française;,France,France,"wheat flour * 48%, water, whole wheat flour 13%, brown cane sugar*, yeast, rapeseed oil*, apple cider vinegar*, wheat bran*, salt, wheat gluten *, flour processing agent: ascorbic acid,
possible traces of eggs and soya ,
* ingredients from organic farming","Gluten, fr:alcool","Eggs, Milk, Soybeans",14,A,4,A,True,True,yes,moderate,low,low,moderate,1060.0,252.0,5.1,0.5,38.0,1.9,6.9,10.0,0.99,0.396,,0.0,-1,7,8,3,0,0,4,4,4,0
https://world.openfoodfacts.org/product/3760049799408/complet-graines-la-boulangere,3760049799408,Complet & Graines – La Boulangère – 500 g,500 g,,La Boulangère,"Plant-based foods and beverages, ,, Plant-based foods, ,, Cereals and potatoes, ,, Frozen foods, ,, Cereals and their products, ,, Breads, ,, Sliced breads, ,, Frozen breads, ,, Wholemeal breads, ,, Wholemeal sliced breads","Vegetarian, ,, Fair trade, ,, Made in France, ,, Nutriscore, ,, Nutriscore Grade A, ,, Nutriscore Grade A - New calculation, ,, Agri-Éthique France",,,France,"Farine complète de blé 52%, eau, levure, gluten de blé, farine de blé 2,7%, graines de lin brun 2,1%, graines de lin jaune 1,9%, graines de millet 1,9%, graines de tournesol décortiquées 1,2%, sel, arôme naturel (contient alcool), vinaigre, graines de sarrasin 0,6%, graines de pavot 0,5%, huile de colza, propionate de calcium, acide ascorbique.",Gluten,"Eggs, Milk, Nuts, Sesame seeds, Soybeans",20,A,4,A,True,True,yes,moderate,low,low,moderate,1015.0,241.0,3.7,0.4,36.0,3.0,7.8,12.0,1.1,0.44,,0.0,-1,8,9,3,0,0,5,4,5,0
https://world.openfoodfacts.org/product/3068320120256/natuurlijk-mineraalwater-evian,3068320120256,Natuurlijk Mineraalwater – Evian – 1.5 L,1.5 L,Plastic,Evian,"Beverages and beverages preparations, ,, Beverages, ,, Waters, ,, Spring waters, ,, Mineral waters, ,, Natural mineral waters","Green Dot, ,, Triman, ,, Fr:evian",France,France,"Belgium, ,, France, ,, Luxembourg, ,, Switzerland",natural mineral water,,,1,A,1,,True,True,yes,low,low,low,low,0.0,0.0,0.0,0.0,0.0,0.0,0.0,0.0,0.00165,0.00066,0.0,,0,0,0,0,0,0,0,0,0,0
https://world.openfoodfacts.org/product/3760324300015/2-steaks-vegetaux-et-gourmands-happyvore,3760324300015,2 Steaks végétaux et gourmands – Happyvore – 200 g,200 g,,HappyVore,"Meat alternatives, ,, Meat analogues, ,, Vegetarian patties, ,, Vegan patties","Vegetarian, ,, Source of fibre, ,, Source of proteins, ,, 100% vegetable, ,, Certified B Corporation, ,, High proteins, ,, Made in France, ,, Nutriscore, ,, Nutriscore Grade A, ,, Triman, ,, fr:Proteines-de-pois-issues-de-l-ue",,,France,"rehydrated textured pea protein (water, pea protein (9,5%), pea extract), water, sunflower oil, faba bean protein (2,5%), pea protein (2%), potato starch, plant fiber (bamboo, plantain, potato), natural flavors, salt, beet juice concentrate, barley malt extract, maltodextrin, acidity regulators: buffered vinegar and citric acid,  antioxidant: rosemary extract, stabilizer: methylcellulose",Gluten,"Gluten, Sesame seeds, Soybeans",25,A,4,B,True,True,maybe,moderate,moderate,low,moderate,958.0,229.0,17.0,2.0,3.8,0.5,6.0,13.0,0.64,0.256,,,-2,6,8,2,0,1,3,5,3,0
https://world.openfoodfacts.org/product/5411188125808/mango-alpro,5411188125808,MANGO – alpro – 400g,400g,"fr:couvercle en R-PET, ,, fr:etui en carton, ,, fr:opercule en aluminium, ,, fr:pot en PP",Alpro,"Plant-based foods and beverages, ,, Fermented foods, ,, Dairy substitutes, ,, Desserts, ,, Vegan products, ,, Non-dairy desserts, ,, Non-dairy fermented foods, ,, Non-dairy yogurts, ,, Soy milk yogurts, ,, Fruit soy yogurts, ,, Mixed fruit soy yogurts, ,, Tropical fruits soy yogurts","Vegetarian, ,, No gluten, ,, No GMOs, ,, No milk, ,, Source of proteins, ,, Vegan, ,, Calcium source, ,, Certified B Corporation, ,, European Vegetarian Union, ,, European Vegetarian Union Vegan, ,, High proteins, ,, No added sugar, ,, Nutriscore, ,, Nutriscore Grade A, ,, Rich in vegetable protein, ,, Rich in vitamin B, ,, Rich in vitamin B12, ,, Rich in vitamin D, ,, Too good to go, ,, Vitamin B12 source, ,, Without sweeteners, ,, Triman",,,"Austria, ,, Belgium, ,, Finland, ,, France, ,, Germany, ,, Luxembourg, ,, Netherlands, ,, Portugal, ,, Spain, ,, Switzerland","German: Wasser, Mangomischung (16,8%) (Frucht (9,6%), Saftkonzentrat (7,2%)), geschälte Sojabohnen (9,7%), Calcium (Tricalciumcitrat), Stabilisator (Pektine Säureregulatoren (Natriumcitrate, Citronensäure), natürliches Aroma, modifizierte Stärke, Meersalz, Antioxidationsmittel (stark tocopherolhaltige Extrakte, Fettsäureester der Ascorbinsäure), färbendes Karotten - und Kürbiskonzentrat, Vitamine B2, B12, D2, Joghurtkulturen (S. thermophilus, L. bulgaricus).",Soybeans,Nuts,26,A,4,A,,True,yes,low,low,moderate,low,250.6,62.0,2.1,0.4,6.0,5.4,1.0,3.7,0.1975,0.079,,19.39875,0,1,1,0,1,0,0,1,0,0
https://world.openfoodfacts.org/product/4008713713411/copos-de-avena-flocos-de-aveia-bruggen,4008713713411,Copos de Avena / Flocos de Aveia – Brüggen – 800 g,800 g,,Brüggen,"Plant-based foods and beverages, ,, Plant-based foods, ,, Breakfasts, ,, Cereals and potatoes, ,, Cereals and their products, ,, Breakfast cereals, ,, Flakes, ,, Cereal flakes, ,, Rolled flakes, ,, Rolled oats","Source of fibre, ,, High fibres",,"Alemania, ,, Germany","Germany, ,, Portugal, ,, Spain",Oatmeal,Gluten,Gluten,1,A,,B,False,True,yes,moderate,low,low,low,1580.0,367.0,7.0,1.25,59.0,0.75,10.0,14.0,0.02,0.008,,0.0,-5,5,10,4,0,1,0,5,5,0
https://world.openfoodfacts.org/product/3770016162043/merguez-vegetal-happyvore,3770016162043,Merguez Végétal – HAPPYVORE – 200 g,200 g,"Plastic, ,, Film, ,, Tray",HappyVore,"Plant-based foods and beverages, ,, Plant-based foods, ,, Meat alternatives, ,, Meat analogues, ,, Vegetarian sausages","Vegetarian, ,, No artificial flavors, ,, Omega-3, ,, Source of fibre, ,, Source of proteins, ,, Vegan, ,, 100% vegetable, ,, Certified B Corporation, ,, High in Omega 3, ,, High proteins, ,, Made in France, ,, No artificial colors, ,, No artificial colours or flavours, ,, No palm oil, ,, Nutriscore, ,, Nutriscore Grade A, ,, fr:Saveurs de l'Année",Protéines de pois et fèves issues de l'UE,France,France,"water, rapeseed oil, pea protein, pea extract, fava bean protein, spices, salt, cumin, white pepper, vegetable fibre, onion extracts, vinegar, potato starch, stabiliser: methylcellulose, natural flavours, beetroot extract, maltodextrin, antioxidant: rosemary extract, gelling agent: calcium alginate","Celery, Gluten","Celery, Gluten, Mustard, Nuts, Sesame seeds, Soybeans",26,A,4,B,True,True,yes,moderate,low,low,moderate,913.0,220.0,16.0,1.3,4.8,0.6,6.1,12.0,0.74,0.296,0.0,,-1,6,7,2,0,1,3,4,3,0
https://world.openfoodfacts.org/product/8076800195057/spaghetti-n-5-barilla,8076800195057,SPAGHETTI N°5 – Barilla – 500 g,500 g,"Wrapper, ,, Folie, ,, Karton, ,, Kasten, ,, Packung, ,, Pappe, ,, Ungewellte Pappe, ,, Container",Barilla,"Plant-based foods and beverages, ,, Plant-based foods, ,, Cereals and potatoes, ,, Cereals and their products, ,, Pastas, ,, Cereal pastas, ,, Dry pastas, ,, Durum wheat pasta, ,, Spaghetti, ,, Dry durum wheat pasta, ,, Durum wheat spaghetti","Halal, ,, Halal Food Council of Europe, ,, Made in Italy, ,, hr:Végétarien",,Italy,"Australia, ,, Austria, ,, Belgium, ,, Bulgaria, ,, Croatia, ,, France, ,, Germany, ,, Greece, ,, Ireland, ,, Italy, ,, Liechtenstein, ,, Luxembourg, ,, Mexico, ,, Morocco, ,, Romania, ,, Russia, ,, Serbia, ,, Spain, ,, Sweden, ,, Switzerland, ,, Thailand, ,, United Kingdom, ,, United States",DURUM WHEAT SEMOLINA PASTA. May contain traces of soy and mustard .,Gluten,"Mustard, Soybeans, Of-soy-100g-pasta-1-litre-water7g",1,A,1,A,True,,maybe,low,low,low,low,1521.0,359.0,2.0,0.5,71.0,3.5,3.0,13.0,0.01,0.004,,0.0,0,5,5,4,1,0,0,5,0,0
https://world.openfoodfacts.org/product/5025125000037/sourdough-grains-seeds-jasons,5025125000037,Sourdough Grains & Seeds – Jasons – 580 g,580 g,"MixedPlasticFilm-film, ,, Unknown-bag",Jasons,"Plant-based foods and beverages, ,, Plant-based foods, ,, Cereals and potatoes, ,, Breads, ,, Sliced breads, ,, Vegan, ,, Vegetarian","Vegetarian, ,, Vegan","United Kingdom, ,, European Union and Non European Union",,United Kingdom,"Wheat Flour ( Wheat Flour , Calcium Carbonate, Iron, Niacin, Thiamin), Water, Mixed Seeds (Golden Linseeds, Sunflower Seeds (6%), Sprouted Spelt ( Wheat ) Grains (1.5%), Salt, Fermented Wheat Flour.",Gluten,,15,A,3,A,True,True,yes,low,low,low,moderate,986.0,235.0,2.68984067866749,0.413821642871922,39.9337885371405,0.0,4.7589488930271,10.552451893234,0.812124974136147,0.324849989654459,,,0,6,6,2,0,0,4,4,2,0
https://world.openfoodfacts.org/product/5411188118961/nature-aux-amandes-alpro,5411188118961,Nature aux Amandes – Alpro – 0.5 kg,0.5 kg,"Fresh, ,, fr:Etiquette carton à recycler, ,, fr:Opercule en métal, ,, fr:Pot et couvercle plastique - opercule aluminium à jeter, ,, it:Pensez au tri!, ,, it:Point vert, ,, nl:Triman",Alpro,"Plant-based foods and beverages, ,, Fermented foods, ,, Dairy substitutes, ,, Desserts, ,, Vegan products, ,, Non-dairy desserts, ,, Non-dairy fermented foods, ,, Non-dairy yogurts, ,, Soy milk yogurts, ,, Plain soy yogurts","Vegetarian, ,, No gluten, ,, Vegan, ,, Certified B Corporation, ,, European Vegetarian Union, ,, European Vegetarian Union Vegan, ,, Green Dot, ,, Nutriscore, ,, Nutriscore Grade A",,Belgium,"Belgium, ,, France, ,, Germany, ,, Ireland, ,, Italy, ,, Spain, ,, Switzerland, ,, United Kingdom","water, shelled soybeans (7,8%), sugar, almond 1,3%, tricalcalcic citrate, stabilizer (pectin), acidity correctors (sodium citrate, citric acid), natural aroma, sea salt, antioxygens (extract rich in tocopherols, fatty acid esters of ascorbic acid), aromas, vitamins (b12, d2, e), yogurt ferments (s, thermophilus, l, bulgari)","Nuts, Soybeans",Nuts,24,A,4,A,,True,yes,low,low,low,low,226.0,54.0,2.8,0.4,2.3,0.0,1.1,3.9,0.25,0.1,,,0,1,1,0,0,0,1,1,0,0
https://world.openfoodfacts.org/product/3083681093926/aubergines-cuisinees-a-la-provencale-cassegrain,3083681093926,Aubergines cuisinées à la provençale – Cassegrain – 375 g,375 g,"Canned, ,, Dry, ,, fr:Boîte en métal",Cassegrain,"Plant-based foods and beverages, ,, Plant-based foods, ,, Fruits and vegetables based foods, ,, Vegetable-based foods and beverages, ,, Canned foods, ,, Meals, ,, Vegetables based foods, ,, Vegetables, ,, Prepared vegetables, ,, Canned meals, ,, Plant-based meals, ,, Prepared eggplants, ,, Aubergines, ,, Riste with eggplant and tomatoes and onions, ,, fr:Aubergines à la provençale, ,, Vegetables - Prepared/Processed (Shelf Stable)","No gluten, ,, Vegetarian, ,, No preservatives, ,, Vegan, ,, No additives, ,, No lactose, ,, Nutriscore, ,, Nutriscore Grade A, ,, Triman","Unspecified, ,, fr:Aubergines d'Espagne ou Portugal","BELL, ,, La Wiestyne, ,, 59173 La Renescure, ,, France",France,"Prefried diced eggplants 36% (eggplants 31%, sunflower oil), peeled tomatoes, crushed in juice 23% (tomatoes, tomato juice), diced eggplants 15%, diced onions 12%, tomato puree 5.4%, tomato paste 2.2%, sugar 1.4%, extra virgin olive oil 1%, basil 0,9%, salt, garlic, concentrated lemon juice",,,16,A,3,B,True,True,yes,moderate,low,moderate,moderate,344.0,83.0,5.2,0.6,6.7,5.6,2.2,1.2,0.76,0.304,,,0,5,5,1,1,0,3,0,0,5
https://world.openfoodfacts.org/product/3770016162098/chipolatas-vegetales-gourmandes-happyvore,3770016162098,Chipolatas végétales & gourmandes – HappyVore – 200 g,200 g,"Plastic, ,, Cardboard, ,, Fresh, ,, Vacuum-packed",HappyVore,"Meat alternatives, ,, Meat analogues, ,, Vegetarian sausages, ,, Vegan sausages, ,, fr:Chips végétarienne","Vegetarian, ,, No artificial flavors, ,, Omega-3, ,, Source of proteins, ,, Vegan, ,, 100% vegetable, ,, Certified B Corporation, ,, High in Omega 3, ,, High proteins, ,, Made in France, ,, No artificial colors, ,, No artificial colours or flavours, ,, No palm oil, ,, Nutriscore, ,, Nutriscore Grade A, ,, fr:Saveurs de l'Année, ,, Triman",Fabriqué en France / Protéines de pois et fèves issues de l'UE.,France,France,"water, sunflower oil, pea proteins, bean proteins, stabilizer: methylcellulose, aromatic herbs (herbs of provence 0,6%), spices, vegetable fibers, spice extracts (onion extracts), vinegar, potato starch, natural flavors, maltodextrin, color (red beet extract), antioxidant (rosemary extract), gelling agent (calcium alginate)",Celery,"Celery, Gluten, Mustard, Nuts, Sesame seeds, Soybeans",29,A,4,B,True,True,yes,moderate,low,low,moderate,891.0,213.0,16.0,1.3,3.2,0.25,5.8,12.0,0.7475,0.299,,,-1,6,7,2,0,1,3,4,3,0
https://world.openfoodfacts.org/product/6111162001218/filets-de-maquereau-joly,6111162001218,Filets de maquereau – joly – 125g,125g,,joly,"Seafood, ,, Fishes and their products, ,, Fishes, ,, Fatty fishes, ,, Fish fillets, ,, Mackerels, ,, Mackerel fillets, ,, Mackerel fillets in oil",,,,Morocco,"French: Maquereaux , huile végétale, sel.",Fish,,3,A,3,,,False,no,moderate,moderate,low,moderate,753.0,180.0,8.5,1.5,0.6,0.6,,30.1,0.5,0.2,,,-2,5,7,2,0,1,2,7,0,0
https://world.openfoodfacts.org/product/8480000168832/crema-de-cacahuetes-100-hacendado,8480000168832,Crema de cacahuetes 100% – Hacendado – 500 g,500 g,Green dot,Hacendado,"Plant-based foods and beverages, ,, Plant-based foods, ,, Legumes and their products, ,, Spreads, ,, Nuts and their products, ,, Plant-based spreads, ,, Oilseed purees, ,, Legume butters, ,, Nut butters, ,, Peanut butters","No gluten, ,, Do not freeze, ,, Green Dot, ,, es:Recicla amarillo, ,, es:Recicla verde",,,"Morocco, ,, Portugal, ,, Spain",Spanish: 100% Cacahuetes ( Arachis hypogaea ).,Peanuts,None,1,A,1,D,True,True,yes,high,high,moderate,low,2520.0,606.0,46.6666666666667,6.66666666666667,12.0,5.33333333333333,8.0,30.0,0.0,0.0,,,-8,4,12,,1,,0,7,5,0
https://world.openfoodfacts.org/product/3168930003632/quaker-oats-flocons-d-avoine-complete,3168930003632,Quaker Oats - Flocons d’avoine complète – 800 g,800 g,"Plastic, ,, Bag, ,, Cardboard, ,, Dry, ,, Sleeve, ,, fr:Point vert",Quaker,"Plant-based foods and beverages, ,, Plant-based foods, ,, Breakfasts, ,, Cereals and potatoes, ,, Cereals and their products, ,, Breakfast cereals, ,, Flakes, ,, Cereal flakes, ,, Rolled flakes, ,, Rolled oats","No preservatives, ,, Source of fibre, ,, 100% natural, ,, Green Dot, ,, High fibres, ,, Lowers cholesterol, ,, No added sugar, ,, Nutriscore, ,, Nutriscore Grade A, ,, Triman","United Kingdom, ,, Great Britain, ,, Scotland",Écosse,"France, ,, Switzerland",100% oatmeal,Gluten,Gluten,1,A,,A,False,True,yes,moderate,moderate,low,low,1570.0,375.0,8.0,1.5,60.0,1.1,9.0,11.0,0.01,0.004,,0.0,-4,5,9,4,0,1,0,4,5,0
https://world.openfoodfacts.org/product/6111035001024/oulmes-eau-minerale-naturellement-gazeuse-%D9%88%D9%84%D9%85%D8%A7%D8%B3-%D9%85%D8%A7%D8%A1-%D9%85%D8%B9%D8%AF%D9%86%D9%8A-%D8%BA%D8%A7%D8%B2%D9%8A-%D8%B7%D8%A8%D9%8A%D8%B9%D9%8A,6111035001024,Oulmès eau minerale naturellement gazeuse – ولماس ماء معدني غازي طبيعي – 33 cl,33 cl,Bottle,ولماس ماء معدني غازي طبيعي,"Beverages, ,, Carbonated drinks, ,, Waters, ,, Spring waters, ,, Mineral waters, ,, Carbonated waters, ,, Carbonated mineral waters",,,,"France, ,, Morocco",French: Eau minérale naturelle gazeuse,,,1,A,1,,True,True,yes,,,,low,,,,,,,,,0.0785,0.0314,,,0,0,0,0,0,0,0,0,0,0
https://world.openfoodfacts.org/product/3229820116716/muesli-aux-fruits-bjorg,3229820116716,Muesli aux fruits – Bjorg – 750 g,750 g,"Plastic, ,, Bag, ,, fr:Sachet en plastique",Bjorg,"Plant-based foods and beverages, ,, Plant-based foods, ,, Breakfasts, ,, Cereals and potatoes, ,, Cereals and their products, ,, Breakfast cereals, ,, Cereals with fruits, ,, Mueslis, ,, Bircher-style mueslis, ,, Mueslis with fruits, ,, Bircher-style mueslis with fruits","Organic, ,, EU Organic, ,, Non-EU Agriculture, ,, Certified B Corporation, ,, DE-ÖKO-001, ,, EU Agriculture, ,, EU/non-EU Agriculture, ,, FR-BIO-01, ,, Made in Germany, ,, Nutriscore, ,, Nutriscore Grade A, ,, AB Agriculture Biologique, ,, Triman",,Allemagne,"France, ,, Spain","Flocons d'avoine, raisins 10,5% (raisins, huile de tournesol), flocons d'orge, flocons d'épautre (blé), flocons de seigle, pétales de blé, cubes de pommes 4%, lamelles de bananes 3,5% (bananes, sucre de canne brut, huile de coco), copeaux de noix de coco 1.5%.","Gluten, Nuts","Milk, Nuts, Sesame seeds, Soybeans, Sulphur dioxide and sulphites",18,A,3,A,True,True,yes,moderate,moderate,moderate,low,1497.0,358.0,6.0,2.5,60.0,10.0,10.0,11.0,0.02,0.008,,,-1,8,9,4,2,2,0,4,5,0
https://world.openfoodfacts.org/product/3229820796857/flocons-d-avoine-bjorg,3229820796857,Flocons d'avoine – Bjorg – 900 g,900 g,"Plastic, ,, Bag, ,, fr:Sachet en plastique",Bjorg,"Plant-based foods and beverages, ,, Plant-based foods, ,, Breakfasts, ,, Cereals and potatoes, ,, Cereals and their products, ,, Breakfast cereals, ,, Flakes, ,, Cereal flakes, ,, Rolled flakes, ,, Rolled oats","Organic, ,, Certified by Ecocert, ,, EU Organic, ,, Certified B Corporation, ,, DE-ÖKO-001, ,, EU Agriculture, ,, Made in Germany, ,, Planet-Score, ,, AB Agriculture Biologique, ,, Triman, ,, fr:Planet-score-a",European Union,Allemagne,France,oatmeal,"Gluten, fr:avoine","Milk, Nuts, Sesame seeds, Soybeans, Sulphur dioxide and sulphites",1,A,1,A,True,True,yes,moderate,low,low,low,1524.0,363.0,8.0,1.0,69.1666666666667,0.0,11.0,10.8333333333333,0.0833333333333333,0.0333333333333333,0.0,,-5,4,9,4,0,0,0,4,5,0
https://world.openfoodfacts.org/product/7613287514325/original-fitness-nestle,7613287514325,Original Fitness – Nestle – 475 g,475 g,"fr:Boîte en carton, ,, fr:Sachet plastique",Nestlé,"Plant-based foods and beverages, ,, Plant-based foods, ,, Breakfasts, ,, Cereals and potatoes, ,, Cereals and their products, ,, Breakfast cereals, ,, Flakes, ,, Cereal flakes, ,, Extruded cereals, ,, Extruded flakes, ,, Breakfast cereals rich in fibre, ,, Mixed cereal flakes","Vegetarian, ,, No artificial flavors, ,, Source of fibre, ,, Made in France, ,, No colorings, ,, Nutriscore, ,, Nutriscore Grade A, ,, fr:Blé français, ,, Triman","Blé origine France, Riz origine hors de France",,"Belgium, ,, France, ,, Réunion, ,, Senegal","complete ble 50,9%, rice 37,3%, sugar, whole oat flakes 7,1%, invert sugar syrup, malt extract from ingle, calcium carbonate, salt, glucose syrup, molasses, emulsifier: mono and diglycerides of fatty acids, antioxidant: extract rich in tocopherols, iron, vitamins b3, b5, b6, b2 and b9, may contain milk , peanuts and nuts",Gluten,"Milk, Nuts",22,A,4,C,True,True,yes,low,low,moderate,moderate,1560.0,368.0,1.5,0.6,74.7,0.0,8.5,9.8,0.56,0.224,0.0,,-1,8,9,4,2,0,2,4,5,0
https://world.openfoodfacts.org/product/3608580157885/be-nuts-100-cacahuete-andros,3608580157885,Be Nuts ! 100 % Cacahuète – Andros – 320 g,320 g,,Andros,"Plant-based foods and beverages, ,, Plant-based foods, ,, Legumes and their products, ,, Spreads, ,, Nuts and their products, ,, Plant-based spreads, ,, Oilseed purees, ,, Legume butters, ,, Nut butters, ,, Peanut butters",Triman,,,France,French: cacahuètes torréfiées,Peanuts,Nuts,1,A,1,C,True,True,yes,high,high,moderate,low,2604.0,628.0,48.0,6.3,15.0,6.1,9.6,27.0,0.01,0.004,,,-9,3,12,,1,,0,7,5,0
https://world.openfoodfacts.org/product/6111162001201/delicia-double-concentre-de-tomates,6111162001201,Delicia double concentre de tomates – 380 g,380 g,Glass,Delicia,"Plant-based foods and beverages, ,, Plant-based foods, ,, Fruits and vegetables based foods, ,, Vegetables based foods, ,, Tomatoes and their products, ,, Tomato pastes",,,Morocco,Morocco,"tomates
extrait sec 28% min",,,1,A,,C,False,True,yes,low,low,low,low,386.0,91.0,0.09,0.0,18.35,0.0,0.0,4.13,0.0,0.0,0.0,,0,1,1,1,0,0,0,1,0,0
https://world.openfoodfacts.org/product/8076809529433/integrale-penne-rigate-barilla,8076809529433,INTEGRALE PENNE RIGATE – Barilla – 500g,500g,"Box, ,, Film, ,, de:Folie Kunststoff, ,, de:Kasten 21-PAP, ,, Carton, ,, Carton non ondulé","Barilla, ,, famila Barilla Pasta Integrale Vollkornpasta","Plant-based foods and beverages, ,, Plant-based foods, ,, Cereals and potatoes, ,, Cereals and their products, ,, Pastas, ,, Cereal pastas, ,, Dry pastas, ,, Durum wheat pasta, ,, Dried wholemeal pasta, ,, Spaghetti, ,, Whole durum wheat pasta, ,, Durum wheat penne, ,, Durum wheat spaghetti, ,, Penne, ,, Penne rigate",Végétarien,MADE IN ITALY.,"Italie, ,, Italy, ,, Grèce","Belgium, ,, France, ,, Germany, ,, Hungary, ,, Italy, ,, Slovenia, ,, Spain, ,, Switzerland","Danish: Fuldkorns durumhvede , Vand",Gluten,"Soybeans, Moutarde",2,A,1,A,True,True,yes,low,low,low,low,1466.0,347.0,2.5,0.5,64.0,3.5,8.0,13.0,0.01,0.004,,0.0,-5,5,10,4,1,0,0,5,5,0
https://world.openfoodfacts.org/product/6111032010135/double-zero-cerise-danone,6111032010135,double zéro Cerise – Danone – 105,105,,Danone,"Dairies, ,, Fermented foods, ,, Fermented milk products, ,, Desserts, ,, Dairy desserts, ,, Fermented dairy desserts, ,, Fermented dairy desserts with fruits, ,, Yogurts, ,, Fruit yogurts",No aspartame,Morocco,,Morocco,"French: Lait écrémé , lait écrémé en poudre, préparations de fruits, épaississant (amidon), lactosérum , arômes, colorants naturels (toucylate et carmin), édulcorant (stevia), cultures lactiques pour yaourt. Contient naturellement 0% de sucres. Fabriqué dans une ligne pouvant contenir des amandes et du gluten .","Gluten, Milk","Gluten, Nuts",14,A,4,B,True,False,no,low,low,low,low,202.0,48.0,0.2,0.0,8.23,0.0,,3.4,0.0,0.0,,0.0,-1,0,1,0,0,0,0,1,0,0
https://world.openfoodfacts.org/product/6111021090049/concentre-de-tomates-aicha,6111021090049,Concentré de tomates Aicha – 370 g,370 g,"Glass, ,, Jar",Aicha,"Plant-based foods and beverages, ,, Plant-based foods, ,, Fruits and vegetables based foods, ,, Vegetables based foods, ,, Vegetables, ,, Tomatoes and their products, ,, Tomatoes, ,, Tomato pastes",,Morocco,,"Morocco, ,, Spain","tomato, salt",,Nuts,2,A,3,C,True,True,yes,low,low,low,low,132.0,31.0,0.108108108108108,0.0,6.40540540540541,2.43243243243243,0.810810810810811,1.24324324324324,0.27027027027027,0.108108108108108,0.0,,-4,1,5,0,0,0,1,0,0,5
https://world.openfoodfacts.org/product/3229820794556/muesli-proteines-bjorg,3229820794556,Muesli Protéines – bjorg – 375 g,375 g,"Plastic, ,, Bag, ,, Dry",bjorg,"Plant-based foods and beverages, ,, Plant-based foods, ,, Breakfasts, ,, Cereals and potatoes, ,, Cereals and their products, ,, Breakfast cereals, ,, Cereals with fruits, ,, Mueslis, ,, Mueslis with fruits","Organic, ,, Certified by Ecocert, ,, EU Organic, ,, Non-EU Agriculture, ,, Source of proteins, ,, Certified B Corporation, ,, DE-ÖKO-001, ,, EU Agriculture, ,, EU/non-EU Agriculture, ,, FR-BIO-01, ,, High proteins, ,, Made in Germany, ,, No added sugar, ,, Planet-Score, ,, AB Agriculture Biologique",Fabriqué en France,Allemagne,France,"Soy flakes* 33%, oat flakes* 26%, wheat flakes* 25%, raisins* 8% (raisins*, sunflower oil*), dates* 5% (dates*, rice flour*), freeze-dried red fruits* 1.4% (redcurrants*, blackcurrants*, strawberries*), buckwheat seeds* 1%. *Organic ingredients","Gluten, Soybeans, fr:avoine","Milk, Nuts, Sesame seeds",14,A,3,A,True,True,yes,moderate,moderate,moderate,low,1598.0,382.0,12.0,1.9,41.0,11.0,13.0,21.0,0.03,0.012,,,-4,8,12,4,3,1,0,7,5,0
https://world.openfoodfacts.org/product/3033490004521/danone-le-nature-125-g-x-4,3033490004521,Danone le nature 125 g x 4 – 0.5 kg,0.5 kg,"Plastic, ,, Pot, ,, Fresh","Danone, ,, Danone set plain","Dairies, ,, Fermented foods, ,, Fermented milk products, ,, Desserts, ,, Dairy desserts, ,, Fermented dairy desserts, ,, Yogurts, ,, Plain fermented dairy desserts, ,, Plain yogurts","French milk, ,, Made in France, ,, Nutriscore, ,, Nutriscore Grade A, ,, Triman",France,France,"Belgium, ,, France, ,, Morocco, ,, Spain","milk (94.7%), concentrated or powdered skimmed milk (5.2%), lactic ferments ( milk ), milk: origin france",Milk,,4,A,1,A,False,True,no,low,low,moderate,low,195.0,46.0,1.0,0.6,5.3,5.3,0.0,4.0,0.15,0.06,,0.0,0,1,1,0,1,0,0,1,0,0
https://world.openfoodfacts.org/product/6111252422008/aquafina,6111252422008,AQUAFINA,,,,"Beverages and beverages preparations, ,, Beverages, ,, Waters, ,, Spring waters",,,,"Morocco, ,, United States",French: Coal.com سورية درهم المفتوح 13.00 Dh COMPOSITION INDICATIVE MOYENNE EN mg/L Dhse PVS معدل التركيب كانيونات جزء من المليون CATIONS Calcium <1.0 Magnesium 20 Sodium 2.0 Potassium <1.0 Fer 0.02 pH 6.5-8.5 COMPOSITION INDICATIVE MOYENNE EN mg/L ANIONS Chlorures Bicarbonates 1.3 3.0 Carbonate <1.0 Nitrates <0.5 Fluorure <0.5 Sulfates 86 TDS 105 كالسيوم مغنيسيوم صوديوم بوتاسيوم حديد الرقم الهيدروجيني معدل التركيب اليونات جزء من المليون كلورير بيكربونات كربونات انیترات حفلة كيده كبريتات الأملاح الكلية الذائبة,,,3,A,,,False,True,yes,,,,low,,,,,,,,,0.0,0.0,,,0,0,0,0,0,0,0,0,0,0
https://world.openfoodfacts.org/product/6111273590021/acyl,6111273590021,Acyl – 1.5L,1.5L,,Acyl,"Beverages and beverages preparations, ,, Beverages, ,, Waters, ,, Spring waters, ,, Mineral waters, ,, Natural mineral waters, ,, Non-carbonated natural mineral waters",,,,Morocco,"French: 5L Composition minerale en mg/1 Residu seca 110C: 186 Sodium 65 Potassium 0,6 Magnésium 30 Calcium 60 Chlorures 14,93 Sulfates 243 Bicarbonates 3145 Nitrates 161 صوديوم بوتاسيوم مغنزيوم كالسيوم كلورير سلفات بيكاربونات نترات",,,3,A,,,False,True,yes,,,,,0.019,0.0,0.0,0.0,0.0,0.0,0.0,0.0,0.014,,,0.0,0,0,0,0,0,0,0,0,0,0
https://world.openfoodfacts.org/product/7613035694989/boulettes-aux-legumes-nestle,7613035694989,Boulettes aux Légumes – Nestlé – 200 g,200 g,"Plastic, ,, Cardboard, ,, Fresh, ,, Tray, ,, fr:Barquette Rigide, ,, fr:Barquette en plastique, ,, fr:Emballage carton, ,, fr:Etui en carton, ,, fr:Film en plastique","Nestlé, ,, Garden gourmet","Meals, ,, Fresh foods, ,, Meat alternatives, ,, Meat analogues, ,, Fresh meals, ,, Meat analogues from soy or wheat proteins, ,, Vegetarian balls, ,, Balls from soy and or wheat proteins","Vegetarian, ,, No GMOs, ,, Source of fibre, ,, Source of proteins, ,, European Vegetarian Union, ,, European Vegetarian Union Vegetarian, ,, High proteins, ,, No additives, ,, Nutriscore, ,, Nutriscore Grade A, ,, Triman",,,France,"rehydrated soybean protein 20.9% (water, concentrated soy protein 6.5%), rehydrated wheat protein 15.2% (water, wheat gluten 6%), vegetable oils in varying proportions (rapeseed, sunflower), carrots 10.2%, peas 9%, corn 7.2%, celery 4.9%, egg white powder 3.2%, apple puree, alcohol vinegar, onions 1.9%, red peppers 1.9%, water, onions powder,  corn starch, salt, fiber and pea starch, acidity regulator: potassium hydroxide, spices (black pepper, turmeric), spice and fruit extracts, natural flavor, eggs of hens raised on the ground, may contain : mustard , sesame","Celery, Eggs, Gluten, Soybeans","Celery, Mustard, Sesame seeds",23,A,3,,True,True,no,moderate,low,low,moderate,943.0,227.0,14.4,1.0,5.2,3.3,5.9,16.2,1.0,0.4,,33.3,-3,6,9,2,0,0,4,6,3,0
https://world.openfoodfacts.org/product/6111251420272/ain-ifran-eau-minerale-naturelle-ain-ifrane,6111251420272,Aïn Ifran Eau minérale naturelle – Ain ifrane – 5 l,5 l,fr:bouteille plastique,Ain ifrane,"Beverages, ,, Waters, ,, Spring waters, ,, Mineral waters, ,, Non-alcoholic beverages, ,, Natural mineral waters",,Morocco,"Ben Smim, ,, Ifran","France, ,, Morocco",mineral water,,,1,A,1,,True,True,yes,,,,low,0.0,0.0,,,,,,,0.00762,0.003048,,,0,0,0,0,0,0,0,0,0,0
https://world.openfoodfacts.org/product/3254380008430/cristaline-eau-de-source-petillante-1-5l,3254380008430,"CRISTALINE Eau De Source Pétillante 1,5L – 1500 ml",1500 ml,"fr:Bouchon en plastique, ,, fr:Bouteille en plastique",Cristaline,"Beverages and beverages preparations, ,, Beverages, ,, Carbonated drinks, ,, Waters, ,, Spring waters, ,, Carbonated waters, ,, Mineral waters, ,, Non-alcoholic beverages, ,, Unsweetened beverages, ,, Carbonated mineral waters","Low or no Sodium, ,, Low Sodium",France,F-69730 GENAY,"Belgium, ,, France",French: Eau de Source avec adjonction de gaz carbonique,,,1,A,1,,True,True,yes,,,,low,,,,,,,,,,,,,0,0,0,0,0,0,0,0,0,0
https://world.openfoodfacts.org/product/3229820797946/muesli-sans-sucres-ajoutes-raisin-figue-datte-abricot-bjorg,3229820797946,Muesli sans sucres ajoutés raisin figue datte abricot – Bjorg – 750g,750g,"Bag, ,, fr:Sachet en plastique",Bjorg,"Plant-based foods and beverages, ,, Plant-based foods, ,, Breakfasts, ,, Cereals and potatoes, ,, Cereals and their products, ,, Breakfast cereals, ,, Cereals with fruits, ,, Mueslis, ,, Mueslis with fruits","Organic, ,, EU Organic, ,, Non-EU Agriculture, ,, DE-ÖKO-001, ,, EU Agriculture, ,, EU/non-EU Agriculture, ,, Made in Germany, ,, No added sugar, ,, AB Agriculture Biologique",Germany,Allemagne,France,"French: Flocons d'avoine* complète, Flocons de blé* complet, Raisins* 8% (raisins*, huile de tournesol*), Figues* séchées 8% (figues*, farine de riz, Flocons d'épeautre* complet ( blé ), Pétales de maïs*, Dattes* 4% (dattes*, farine de riz*), Abricots* secs 3% (abricots*, farine de riz*), Graines de tournesol*, Pétales d'épeautre* complet ( blé ), Graines de lin*, Graines de courge*.",Gluten,"Milk, Nuts, Sesame seeds, Soybeans",22,A,3,A,True,True,yes,moderate,low,high,low,1485.0,352.0,5.8,0.9,59.0,14.0,10.0,11.0,0.03,0.012,0.0,,-2,7,9,4,3,0,0,4,5,0
https://world.openfoodfacts.org/product/3228857001101/beau-bon-a-la-farine-complete-de-ble-harrys,3228857001101,Beau & bon à la farine complète de blé – Harrys – 320 g,320 g,"fr:1 sachet en plastique à recycler 
1 lien en plastique et métal à recycler",Harrys,"Plant-based foods and beverages, ,, Plant-based foods, ,, Cereals and potatoes, ,, Frozen foods, ,, Cereals and their products, ,, Breads, ,, Frozen breads, ,, Sliced breads, ,, Wholemeal breads, ,, Wholemeal sliced breads","Vegetarian, ,, Made in France, ,, No additives, ,, No palm oil, ,, Nutriscore, ,, Nutriscore Grade A, ,, Triman, ,, fr:Filière de blé française",Origine du produit fini,,France,"flours 57% (whole wheat flour 28.6%, wheat flour 28.4%), water, sunflower seeds 6.1%, wheat bran 4.2%, brown flax seeds 3.1%, rapeseed oil, wheat gluten, yeast, flavor (contains alcohol), salt, vinegar, acerola extract, may contain traces of eggs , soy , milk , nuts , sesame seeds",Gluten,"Eggs, Milk, Nuts, Sesame seeds, Soybeans",14,A,4,A,True,True,maybe,moderate,low,low,moderate,1273.0,303.0,9.0,1.0,41.0,3.5,7.0,11.0,0.9,0.36,,0.55,0,8,8,3,1,0,4,4,4,0
https://world.openfoodfacts.org/product/3263670162219/plain-sardines-connetable,3263670162219,Plain Sardines – Connétable – 135g / 95g (net égoutté),135g / 95g (net égoutté),"Canned, ,, Dry, ,, fr:Aluminium 17g",Connétable,"Seafood, ,, Fishes and their products, ,, Canned foods, ,, Fishes, ,, Fatty fishes, ,, Canned fishes, ,, Sardines, ,, Canned sardines, ,, Sardines in oil, ,, Sardines without oil","Omega-3, ,, High in calcium, ,, High in Omega 3, ,, Phosphore source, ,, Rich in vitamin D, ,, fr:Préparée en Bretagne","Atlantic Ocean, ,, North-East Atlantic Ocean","Bretagne, ,, Douarnenez",France,"Sardines ,water,lemon pulp,salt.",Fish,,4,A,3,E,True,False,no,moderate,moderate,low,moderate,663.0,158.0,7.8,2.6,0.0,0.0,0.0,22.0,1.0,0.4,,,0,7,7,1,0,2,4,7,0,0
https://world.openfoodfacts.org/product/6111035001710/ain-atlas-33cl-eau-minerale-naturelle-les-eaux-minerale-d-oulmes,6111035001710,Ain Atlas 33cl EAU MINÉRALE NATURELLE – Les Eaux Minérale D'Oulmès – 33 CL,33 CL,fr:Bouteille en plastique,Les Eaux Minérale D'Oulmès,"Beverages and beverages preparations, ,, Beverages, ,, Waters, ,, Spring waters, ,, Mineral waters, ,, Natural mineral waters",Green Dot,,,Morocco,French: Eau minérale naturelle,,,1,A,1,,True,True,yes,,,,low,,,,,,,,,0.12,0.048,,,0,0,0,0,0,0,0,0,0,0
https://world.openfoodfacts.org/product/8402001010873/muesli-crunchy-0-hacendado,8402001010873,Muesli CRUNCHY 0% – Hacendado – 200gr,200gr,,Hacendado,"Plant-based foods and beverages, ,, Plant-based foods, ,, Breakfasts, ,, Cereals and potatoes, ,, Seeds, ,, Cereals and their products, ,, Breakfast cereals, ,, Cereal grains, ,, Mueslis, ,, es:Cereales-muesly","Green Dot, ,, No added sugar",,Shaglli. Santa Isabel,"Canada, ,, China, ,, Ecuador, ,, France, ,, Portugal, ,, Russia, ,, Spain, ,, United Kingdom, ,, United States","Spanish: Copos de avena ( gluten ) (52%), fibras vegetales (achicoria, maiz), harina (20%) (arroz, trigo ( gluten )), aceite de girasol alto oleico, extracto de malta de cebada ( gluten ), aromas, sal. Puede contener trazas de frutos de cáscara , soja , leche , cacahuetes , semillas de sésamo , sulfitos y mostaza .","Gluten, Milk","Gluten, Milk, Mustard, Nuts, Peanuts, Sesame seeds, Soybeans, Sulphur dioxide and sulphites",11,A,4,C,True,,maybe,moderate,low,low,low,1678.0,401.0,12.0,1.4,52.0,3.2,23.0,8.8,0.08,0.032,,20.0,-7,1,8,,0,,0,3,5,0
https://world.openfoodfacts.org/product/6111273780040,6111273780040,6111273780040,,,,"Beverages and beverages preparations, ,, Beverages, ,, Carbonated drinks, ,, Waters, ,, Sodas, ,, Spring waters",,,,Morocco,water,,,1,A,3,,True,True,yes,low,low,low,low,0.0,0.0,0.0,0.0,0.0,0.0,0.0,0.0,0.0227272727272727,0.00909090909090909,,,0,0,0,0,0,0,0,0,0,0
https://world.openfoodfacts.org/product/3068320114453/badoit-1-l-pet,3068320114453,Badoit 1 L PET – 1 l,1 l,"Recycle, ,, fr:Bouchon plastique, ,, fr:Bouteille plastique",BADOIT,"Beverages and beverages preparations, ,, Beverages, ,, Carbonated drinks, ,, Waters, ,, Spring waters, ,, Carbonated waters, ,, Mineral waters, ,, Non-alcoholic beverages, ,, Unsweetened beverages, ,, Natural mineral waters, ,, Carbonated mineral waters",,France,"Source Badoit Bron, ,, 42330, ,, Saint Galmier, ,, France","France, ,, Switzerland",natural mineral water with added carbon dioxide gas,,,1,A,1,,True,True,yes,low,low,low,low,0.0,0.0,0.0,0.0,0.0,0.0,0.0,0.0,0.0,0.0,,,0,0,0,0,0,0,0,0,0,0
